33,16,41,10,11,22,16,21,26,14,19,36,40,27,16,13,16,34,8,10,16,10,21,15,50,21,24,22,14,50,10,26,30,16,16,15,26,67,15,14,10,18,16,10,21,42,25,46,45,19,17,12,33,39,52,15,17,12,12,11,11,32,23,32,15,13,17,16,9,24,17,25,8,21,13,46,29,10,10,7,37,17,18,10,54,14,18,31,32,22,14,20,11,13,18,12,22,13,29,12,21,31,11,29,21,10,69,14,17,29,88,22,8,38,13,41,22,21,13,43,25,28,15,9,10,24,15,26,31,20,18,12,10,12,40,45,17,34,16,12,13,49,15,8,17,9,19,18,11,10,16,50,15,17,24,20,22,17,42,53,11,37,13,14,20,15,23,40,13,56,16,12,13,8,16,9,13,42,11,36,17,62,71,29,20,22,20,8,11,14,28,20,8,12,12,19,12,32,19,8,15,37,13,17,16,14,21,23,18,10,82,55,33,14,22,40,18,17,53,15,11,54,31,31,26,13,12,14,11,23,44,13,21,15,17,10,21,14,16,22,26,35,14,16,25,26,11,10,11,21,18,19,20,21,13,14,30,16,11,25,33,8,15,13,17,11,22,11,20,14,16,22,14,15,18,10,33,14,18,20,34,13,10,16,14,12,16,23,48,37,19,27,30,12,35,18,14,12,53,27
14,26,11,14,20,8,13,72,25,15,15,27,16,8,36,20,28,34,28,31,13,19,16,13,26,33,26,12,27,11,28,12,27,17,35,16,41,12,13,16,17,18,35,13,13,16,14,15,33,27,16,56,27,10,10,18,29,12,14,24,18,41,42,13,23,18,41,21,25,18,28,13,24,17,22,39,43,11,13,14,18,13,19,42,17,12,48,34,13,28,9,33,11,31,18,13,18,13,10,13,26,13,15,35,9,21,42,10,33,32,15,15,24,19,20,18,8,22,40,30,18,17,25,13,36,43,15,12,19,42,23,12,9,10,12,35,17,18,22,29,8,20,12,34,32,20,9,32,64,18,28,11,36,33,15,18,22,17,9,21,20,12,8,10,11,14,14,15,18,16,12,32,59,15,11,40,23,16,13,15,13,11,44,16,55,25,18,22,16,10,25,14,13,12,65,18,13,22,10,20,15,17,21,38,39,10,14,14,15,24,12,44,11,14,65,18,17,10,12,33,19,19,11,36,43,32,11,13,13,33,31,26,27,18,8,20,20,10,16,32,41,8,14,59,16,11,9,33,8,33,12,12,11,41,13,19,22,44,21,22,45,18,20,17,13,13,31,9,21,21,11,18,15,12,14,26,42,24,11,25,24,15,17,18,18,19,20,27,15,13,22,15,57,12,40,60,50,18,26,19
44,55,10,41,19,15,12,16,18,32,31,9,17,15,14,14,27,40,16,32,16,20,18,9,68,26,15,28,18,16,8,16,44,12,12,22,11,26,12,34,37,20,16,13,12,12,14,12,13,16,52,12,26,11,8,13,26,15,23,12,12,19,12,15,17,12,11,45,9,10,21,21,17,11,19,49,28,16,74,26,35,10,12,17,11,54,24,50,22,12,12,17,16,29,19,17,36,29,9,16,17,12,47,35,45,24,56,21,10,15,16,31,25,32,42,10,24,17,17,14,18,15,30,17,16,11,13,13,11,16,18,8,14,20,46,10,20,20,17,35,14,13,8,60,11,17,13,28,14,26,17,10,19,16,19,18,12,12,14,25,36,11,13,25,13,29,34,13,12,19,17,11,38,35,15,14,22,18,11,10,14,13,24,14,48,14,13,12,17,64,25,22,22,12,12,65,18,21,8,23,12,15,16,17,11,12,11,10,9,23,9,25,12,20,33,14,14,16,31,27,31,12,15,13,27,14,36,19,14,26,8,18,10,12,26,17,27,25,17,24,13,8,10,25,17,11,40,8,7,39,14,8,23,8,19,24,63,47,17,10,21,37,12,13,48,13,13,14,23,16,65,36,21,24,28,15,12,18,9,33,10,22,16,19,33,9,11,22,14,20,12,13,18,14,8,8,18,35,18,12
37,19,16,23,33,49,43,24,10,22,41,13,47,13,23,27,13,26,12,13,17,31,12,32,17,26,29,26,15,54,12,12,13,14,19,11,12,18,11,14,12,10,22,17,13,12,12,32,17,22,91,10,13,45,10,29,47,13,22,13,17,42,12,15,13,26,18,23,8,21,17,51,21,33,12,13,25,9,41,21,25,34,17,12,10,13,12,17,19,9,17,14,13,15,13,18,18,11,56,23,18,41,28,106,13,8,8,33,232,240,224,248,226,205,261,269,290,240,239,244,217,281,242,279,221,258,259,246,269,298,250,249,276,266,247,250,243,268,267,257,231,249,256,245,272,241,274,236,218,250,247,231,242,268,243,235,260,273,234,260,251,268,212,264,252,216,191,220,266,221,265,277,269,256,238,227,247,265,262,233,260,247,210,219,206,248,250,252,262,239,262,246,249,271,236,269,246,217,213,263,256,242,256,260,253,241,254,233,279,278,256,261,236,202,296,224,267,272,252,231,243,260,265,243,234,284,268,274,274,258,260,243,199,239,221,259,238,250,239,225,212,236,255,255,231,254,237,253,266,227,235,263,239,230,242,241,236,249,253,221,261,256,227,229,237,230,275,233,216,251,247,248,290,249,266,252,258,230,259,246,250,250,272,266,261,282,240,276,280,240,263,206,237,228,256,236,248,266,282,263
22,16,30,11,8,25,22,20,21,21,24,21,16,10,9,21,40,29,33,14,39,17,13,15,27,12,17,21,9,16,23,19,19,10,28,13,17,17,31,51,36,15,41,12,19,25,20,12,19,31,15,24,14,11,17,12,15,26,38,37,11,17,23,21,34,19,16,20,49,11,17,14,33,13,27,33,28,20,59,13,24,38,25,11,12,11,11,18,42,21,18,31,13,9,16,27,32,39,9,9,45,11,15,35,16,29,16,13,10,16,10,12,12,18,22,13,32,24,35,13,24,18,11,16,23,31,47,50,18,13,19,26,10,19,22,12,37,12,15,19,38,25,9,37,14,13,15,17,20,14,42,33,20,15,20,13,45,23,22,8,65,16,20,14,17,18,54,13,10,11,15,11,9,18,15,31,13,12,16,29,14,17,11,10,27,12,20,23,30,14,16,13,14,15,13,24,11,15,15,29,25,12,16,18,10,35,18,12,12,11,12,12,42,13,13,9,20,38,12,14,8,17,17,29,22,9,23,12,13,11,12,23,50,19,17,31,19,24,17,19,14,17,13,19,17,14,16,14,9,17,13,14,15,16,42,25,16,15,11,19,16,19,23,13,11,16,20,30,11,27,13,8,26,52,46,10,12,19,19,15,20,18,31,18,32,27,18,13,32,12,26,16,24,23,8,15,26,16,14,27
21,16,19,17,19,21,14,21,20,13,9,21,67,40,15,13,22,14,13,11,13,18,17,38,23,19,17,21,12,21,10,19,45,21,9,10,45,10,18,23,12,24,17,17,14,14,13,15,36,46,37,25,13,11,14,24,23,19,42,28,12,7,20,13,8,28,35,42,14,25,27,16,47,40,53,22,31,9,10,15,18,17,19,10,19,33,28,13,26,13,44,13,17,27,18,17,21,15,11,15,12,23,14,14,35,53,20,9,7,9,23,14,18,21,25,15,22,54,23,39,11,29,35,38,40,14,24,16,33,16,16,24,21,19,14,32,9,22,18,9,13,31,26,15,17,13,34,31,58,14,25,19,32,28,14,59,18,21,14,15,13,32,14,20,15,35,59,42,36,20,17,22,21,15,37,41,21,11,18,24,31,19,11,12,37,13,18,14,29,12,26,14,14,21,13,15,24,21,22,34,17,16,10,17,14,18,29,15,25,15,15,10,17,27,27,11,19,15,32,49,13,12,28,9,9,15,23,10,35,22,16,18,24,11,18,13,42,12,17,29,24,19,10,29,29,10,36,27,23,17,13,15,22,14,16,20,19,12,14,10,10,60,19,35,23,15,11,26,11,10,19,50,65,17,17,26,10,13,11,18,15,16,48,12,16,18,39,17,16,36,20,13,20,9,13,23,22,13,17,12
8,25,17,13,30,29,21,13,37,20,11,15,46,12,19,11,24,12,12,10,49,21,7,9,12,12,11,11,22,16,43,22,52,32,16,10,19,13,9,16,17,16,17,25,21,11,14,17,13,37,19,16,42,37,11,22,20,21,12,24,28,22,33,21,26,16,18,10,18,9,33,57,34,22,10,14,11,24,22,16,32,7,17,26,9,11,28,22,14,11,24,12,25,16,13,24,8,37,12,12,30,52,22,15,11,24,22,18,13,22,13,11,30,29,13,27,22,15,8,46,17,15,11,9,16,60,17,11,16,10,14,37,16,14,34,11,39,29,23,31,34,23,21,16,19,14,15,26,9,18,14,27,15,10,16,28,21,17,12,10,23,13,13,13,17,9,14,16,17,9,15,12,25,16,30,17,14,13,13,34,11,12,17,14,13,24,14,18,23,18,79,18,44,13,9,12,16,28,18,25,13,23,18,9,16,40,14,19,25,25,17,10,23,13,12,30,9,30,33,33,14,20,15,12,43,30,10,16,16,30,13,24,11,24,13,13,14,11,11,33,18,11,23,27,27,17,11,33,10,11,35,26,18,38,36,32,16,32,9,26,21,48,19,25,28,26,8,36,47,14,16,24,10,12,18,14,7,19,21,15,16,11,17,17,10,8,11,33,13,48,20,35,44,15,17,15,7,10,25,17
13,15,31,22,39,10,26,10,15,40,83,13,33,18,24,44,17,17,22,18,13,16,13,12,40,15,15,46,17,13,30,10,17,39,32,50,24,25,22,8,18,13,12,13,15,16,16,37,17,9,29,17,20,11,15,9,26,12,13,16,49,9,25,11,16,13,14,51,9,44,68,31,16,41,10,22,8,16,9,17,22,27,23,14,15,17,11,11,14,22,16,51,24,44,17,37,14,31,20,25,49,19,9,13,23,10,35,22,15,18,41,14,26,14,20,20,12,72,15,28,13,13,38,11,17,50,16,14,15,55,11,24,19,17,27,28,8,28,33,18,35,19,17,22,13,9,15,24,24,27,16,11,41,14,10,20,13,53,15,18,21,9,14,32,11,17,43,16,20,12,27,29,26,11,13,28,18,15,16,32,11,25,11,9,15,14,34,18,21,16,30,11,14,9,18,10,17,18,26,16,23,9,28,46,30,15,19,12,20,13,19,47,13,15,40,13,20,29,31,11,11,10,38,25,11,16,30,27,22,25,10,22,17,16,27,18,14,20,22,23,36,13,10,20,27,11,13,14,21,10,14,31,24,21,17,21,15,34,59,33,18,13,24,15,26,36,11,34,12,41,27,15,27,11,18,11,20,9,40,42,15,29,9,25,61,9,33,18,8,15,12,16,20,16,24,13,14,14,16,23
14,9,47,22,17,16,14,17,18,39,22,8,26,12,10,17,13,67,20,16,35,14,43,11,17,12,34,36,12,15,9,12,8,48,12,12,14,34,29,42,9,22,51,13,18,10,17,14,21,12,30,33,20,12,13,26,26,35,14,18,18,18,44,12,9,11,20,11,12,9,26,9,30,19,17,61,36,87,8,49,17,20,33,25,11,26,11,22,9,49,13,15,13,32,10,21,47,26,18,11,9,14,12,28,12,15,36,26,10,63,27,13,25,14,11,13,20,14,57,31,17,50,13,10,27,11,36,16,48,12,8,20,32,42,13,31,13,34,9,12,17,18,10,18,23,18,22,34,13,29,24,13,57,16,19,8,25,12,12,8,15,32,13,23,21,13,57,18,26,24,22,9,15,21,12,23,18,27,39,12,11,11,27,26,12,25,46,33,10,11,47,19,13,9,11,17,19,32,33,17,20,12,24,21,12,19,12,15,11,25,22,22,29,15,27,21,12,26,16,8,9,26,9,26,15,11,22,14,14,22,31,25,11,15,22,11,33,20,12,18,11,15,21,21,17,17,12,18,9,38,25,19,12,17,17,40,26,76,15,19,11,18,37,13,8,13,16,26,19,19,25,17,33,34,30,29,13,11,19,13,9,15,19,40,12,22,19,29,12,42,13,13,40,33,15,23,44,22,19,19
14,16,13,20,13,12,37,17,15,48,16,17,22,23,16,13,11,23,51,21,11,14,34,27,93,34,13,25,29,29,21,19,69,14,21,10,17,20,23,30,9,20,11,16,29,14,24,9,30,11,23,13,43,11,17,19,31,19,12,63,15,11,30,20,15,16,14,33,32,16,29,59,12,17,12,15,30,25,26,12,17,9,10,23,14,11,10,17,13,40,10,9,11,45,25,13,9,20,52,22,26,16,39,20,18,35,16,21,21,15,10,42,28,19,35,16,12,11,58,10,44,12,14,31,11,13,18,31,22,15,47,31,14,37,17,18,32,11,17,17,10,65,10,18,16,10,12,13,10,32,17,12,19,19,14,13,21,39,23,17,20,21,10,9,38,33,11,22,13,18,13,14,24,12,26,23,18,14,17,74,18,87,15,15,9,20,35,21,16,17,9,34,11,14,18,16,29,48,9,22,8,39,36,13,23,9,18,24,22,15,26,19,16,30,19,19,14,29,11,16,14,25,21,15,14,17,24,11,12,14,16,8,20,14,12,21,10,9,17,34,14,21,15,17,15,33,51,30,23,42,11,18,10,17,15,11,17,35,44,20,15,22,19,13,9,36,14,50,23,14,14,10,24,43,75,21,31,17,27,34,26,16,36,33,27,16,44,25,34,24,15,22,8,42,22,10,30,25,22,33
12,24,12,19,9,12,25,10,12,31,29,19,29,16,47,17,9,28,9,15,18,12,12,17,27,98,13,44,11,23,51,12,13,55,26,23,14,22,8,11,56,28,23,17,21,17,21,13,14,14,21,11,10,10,27,11,11,12,13,28,16,32,28,11,10,13,10,16,53,18,16,15,22,14,10,19,21,15,10,65,25,19,14,15,28,45,29,12,13,21,22,17,31,33,19,19,25,19,15,37,13,18,13,20,19,31,16,22,22,22,25,20,21,46,19,22,18,14,16,11,22,14,38,15,31,17,47,8,17,13,16,27,36,10,9,25,21,11,50,14,12,50,12,24,26,19,14,30,32,17,13,13,10,9,19,12,10,20,12,15,31,11,14,10,18,14,22,19,15,32,26,8,14,16,15,10,31,14,13,14,18,17,16,10,20,22,21,15,51,16,11,21,26,35,13,11,18,18,19,21,19,13,56,17,28,22,19,27,19,13,21,15,10,13,13,24,15,38,21,9,62,21,44,20,25,17,13,16,20,14,18,52,18,12,15,11,10,17,10,12,11,43,13,18,64,24,23,17,9,23,17,29,13,10,31,10,20,92,45,10,21,13,22,29,9,22,19,19,49,46,37,15,30,9,17,26,21,20,23,20,23,40,16,27,17,14,14,32,19,23,17,15,11,13,36,13,48,15,16,33
17,22,19,8,14,30,12,40,17,10,18,18,74,24,9,19,20,18,25,34,13,38,15,17,14,24,9,41,17,11,58,10,19,16,11,23,20,21,60,31,51,13,14,11,12,23,61,45,10,16,32,10,20,19,28,27,28,14,21,43,32,41,55,21,14,15,9,14,36,16,10,21,20,40,24,35,31,30,12,16,16,11,42,17,26,28,25,21,22,13,12,10,11,17,14,30,10,15,14,17,12,15,12,8,17,12,16,33,21,27,15,20,11,8,32,15,10,8,17,25,104,34,27,38,499,499,499,499,499,499,499,499,499,499,499,499,499,499,499,499,499,499,499,499,499,499,499,499,499,499,499,499,499,499,499,499,499,499,499,499,499,499,499,499,499,499,499,499,499,499,499,499,499,499,499,499,499,499,499,499,499,499,499,499,499,499,499,499,478,499,499,499,499,499,499,499,499,499,499,499,499,499,499,499,499,499,499,499,499,499,499,499,499,499,499,499,499,499,499,499,499,499,499,499,499,499,499,499,499,499,499,499,499,499,499,499,499,499,499,499,499,499,499,499,499,499,499,499,499,499,499,499,499,499,499,499,499,499,499,499,499,499,499,499,499,499,499,499,499,499,499,499,499,499,499,499,499,499,499,499,499,499,499,499,499,499,499,499,499,499,499,499,499,499,499,499,499,499,499,499
11,38,23,32,16,22,13,10,13,27,18,20,16,29,14,49,48,9,18,14,25,18,21,27,14,18,20,28,20,16,16,35,13,9,21,26,28,16,20,28,20,17,13,18,8,24,11,28,10,16,11,10,18,46,25,21,13,38,13,13,36,12,47,18,10,13,12,19,14,17,15,15,22,34,29,16,24,23,27,9,14,14,11,25,15,21,14,15,13,12,30,8,20,57,66,16,15,12,18,17,68,34,12,17,24,20,17,9,19,29,18,16,12,19,24,17,17,17,31,14,33,26,15,28,58,10,35,11,14,19,16,10,84,16,44,21,28,11,12,18,54,13,15,17,16,36,16,14,31,11,21,10,11,13,22,44,12,16,18,13,16,16,12,19,23,32,38,11,28,43,15,11,24,23,15,14,13,14,23,13,24,27,26,10,29,26,12,30,24,20,13,55,25,31,45,17,27,16,9,20,14,38,30,14,11,9,35,24,15,12,9,45,13,32,15,19,12,17,12,11,14,70,24,47,11,18,23,22,11,10,61,12,25,24,12,19,52,18,20,14,20,24,25,13,39,18,33,10,12,14,20,26,15,23,16,10,26,29,16,12,15,9,13,10,25,8,14,10,29,29,16,16,9,18,13,19,31,38,25,11,20,18,20,20,10,48,13,14,21,23,19,13,13,26,20,9,21,61,14,11
9,23,16,22,20,14,20,47,19,27,22,8,12,19,14,15,13,18,24,77,21,8,17,43,28,12,23,25,14,47,33,14,20,23,9,14,13,40,15,33,12,12,17,12,12,35,13,17,31,24,10,19,12,14,28,16,34,10,28,37,12,46,17,22,10,21,15,28,12,29,16,17,20,28,23,35,9,13,10,10,9,15,26,13,32,28,26,12,11,12,34,13,16,15,44,13,23,19,57,33,17,10,19,17,11,36,16,35,28,50,62,11,10,13,19,11,32,22,39,9,14,11,52,11,33,62,10,23,13,12,28,9,22,23,14,29,12,16,25,14,10,38,18,21,20,13,11,21,12,20,10,10,9,16,23,13,49,30,19,29,9,15,15,10,13,25,13,26,30,14,18,11,26,28,13,18,15,12,49,25,21,23,12,59,14,12,10,15,22,16,10,18,26,12,23,18,10,26,42,16,25,15,12,55,13,23,15,58,11,17,31,14,13,13,14,14,15,19,21,14,11,13,14,28,26,15,9,15,26,26,23,17,18,24,63,9,31,13,17,35,24,24,17,38,33,45,23,24,15,18,32,21,10,45,22,13,17,11,19,15,67,32,10,13,20,13,13,13,14,10,54,14,28,35,19,16,13,11,11,10,18,17,50,17,13,41,11,28,16,34,17,22,17,22,29,47,8,13,38,41
11,28,41,14,9,31,17,15,20,23,21,25,12,16,12,27,16,30,20,54,35,13,17,11,7,12,20,21,15,36,17,11,22,16,36,21,21,15,14,10,26,36,27,36,11,12,78,29,21,11,19,11,19,51,17,29,14,16,36,21,20,17,32,69,28,10,30,18,57,9,28,13,9,71,14,42,10,13,13,21,20,15,19,30,9,16,13,25,8,10,26,34,13,20,34,11,26,23,27,9,17,12,14,18,38,15,19,24,17,14,30,8,13,8,16,62,10,10,50,14,14,28,19,14,10,10,36,18,9,9,14,18,18,22,45,13,25,9,14,15,14,16,12,23,23,35,29,16,17,30,19,27,23,34,22,9,12,25,31,12,21,18,14,48,22,12,11,14,13,10,16,15,16,10,13,25,13,31,14,39,22,15,15,11,17,27,23,9,8,14,33,32,19,56,46,15,17,27,19,18,40,11,38,15,15,82,12,14,9,27,25,18,13,17,22,26,23,13,11,18,17,16,21,21,52,7,31,15,47,15,35,45,21,14,17,13,19,21,10,17,18,18,13,14,14,14,22,34,29,13,16,9,20,21,13,18,25,14,62,19,9,11,18,14,15,12,12,13,22,12,13,11,19,19,14,18,37,16,16,13,33,61,11,49,15,40,8,17,33,26,17,16,15,13,21,28,14,35,13,28
17,9,81,11,17,13,10,14,26,26,30,16,20,22,23,27,9,10,17,9,33,33,27,24,16,28,50,21,44,18,13,20,16,29,18,38,38,10,22,40,14,11,16,25,34,15,19,33,15,17,9,11,14,16,11,12,15,20,12,15,31,8,15,35,13,17,39,37,12,23,28,21,32,9,23,10,36,40,11,12,11,23,29,18,9,31,14,40,13,31,29,15,37,13,10,13,20,13,11,17,32,16,8,13,16,17,47,28,34,16,13,12,12,18,11,54,10,11,10,12,14,16,24,15,29,25,12,15,11,13,32,10,12,16,16,16,33,26,63,25,32,24,12,14,24,13,15,17,39,11,22,11,18,37,13,25,48,8,26,54,22,12,9,12,14,17,47,38,12,27,9,37,27,31,20,55,11,16,19,13,14,15,13,49,12,19,11,14,11,19,16,25,17,18,33,23,20,32,24,10,15,28,15,26,43,23,27,14,16,12,12,16,45,16,42,29,16,10,13,16,24,10,36,11,14,11,17,24,27,9,33,76,19,9,11,15,14,90,18,10,16,15,42,25,15,13,19,12,29,24,14,11,22,23,19,24,10,20,52,25,13,38,27,33,13,12,34,15,25,9,20,27,11,30,77,19,31,8,10,16,14,22,32,16,19,10,54,9,48,9,33,45,13,16,9,38,12,23,42,30
18,12,29,14,8,39,13,21,23,32,63,41,17,11,19,11,10,17,36,20,38,14,14,19,19,20,10,12,12,22,23,26,32,14,17,20,28,15,28,13,19,26,13,21,13,20,21,14,9,21,17,21,19,20,15,13,14,12,24,34,14,11,14,10,42,17,44,21,48,28,9,33,14,21,16,15,13,34,12,16,22,23,20,44,12,14,37,20,20,11,15,28,18,19,32,12,13,18,27,13,21,40,10,31,9,35,10,32,13,14,17,17,14,28,42,21,9,23,13,12,11,12,15,16,9,25,18,21,54,16,104,21,21,499,499,499,499,499,499,499,499,499,499,499,499,499,499,499,499,499,499,499,499,499,499,499,499,499,499,499,499,499,499,499,499,499,499,499,499,499,499,499,499,499,499,499,499,499,499,499,499,499,499,499,499,499,499,499,499,499,499,499,499,499,499,499,499,499,499,499,499,499,499,499,499,499,499,499,499,499,499,499,499,499,499,499,499,499,499,499,499,499,499,499,499,499,499,499,499,499,499,499,499,499,499,499,499,499,499,499,499,499,499,499,499,499,499,499,499,499,499,499,499,499,499,499,499,499,499,499,499,499,499,499,499,499,499,499,499,499,499,499,499,499,499,499,499,499,499,499,499,499,499,499,499,499,499,499,499,499,499,499,499,499,499,499,499,499,499,499
28,10,29,10,24,35,46,19,17,26,16,15,11,23,39,26,14,71,13,21,24,17,22,12,21,57,20,11,8,36,15,25,20,10,12,42,13,16,26,14,23,19,31,14,89,27,19,14,16,17,14,30,11,46,34,11,24,14,33,16,21,13,15,46,68,19,21,16,37,10,28,9,31,24,18,18,21,13,16,28,22,20,12,15,26,19,10,10,17,32,14,31,18,26,8,12,14,12,12,8,22,16,14,21,18,18,75,13,15,25,18,16,25,16,9,13,30,20,26,12,46,15,20,50,16,14,21,14,28,9,15,23,17,27,13,12,90,14,33,26,20,24,12,12,27,33,12,19,9,10,16,21,38,44,10,17,11,14,14,16,18,23,10,13,25,19,26,21,13,21,12,11,18,26,9,23,13,13,12,31,21,11,20,14,23,22,22,23,27,24,14,13,13,31,17,20,23,13,10,18,10,14,25,60,41,32,12,20,19,12,11,12,76,10,24,8,45,59,27,13,14,24,66,11,9,49,14,28,10,14,24,17,51,17,10,15,11,38,9,17,42,14,26,10,15,16,13,21,26,16,34,18,8,19,20,18,37,30,20,27,32,15,38,21,29,42,24,25,10,20,11,11,14,16,17,13,17,22,17,34,8,17,36,11,66,14,15,14,27,15,16,11,16,33,43,13,19,12,14,19
17,13,19,10,18,15,11,28,10,13,29,11,20,28,34,52,15,19,25,23,11,44,22,35,34,18,30,16,19,15,37,49,19,39,22,10,34,18,13,20,19,57,41,23,13,14,30,15,10,14,13,13,18,17,14,28,16,29,16,23,18,31,17,14,27,11,53,12,13,10,19,21,12,13,14,30,34,24,15,9,19,25,24,15,53,10,13,12,10,17,21,10,22,14,20,16,9,46,34,13,31,12,31,13,14,17,41,9,15,17,12,15,10,12,10,41,23,30,11,23,9,34,15,11,16,27,18,14,10,21,16,21,47,14,18,27,15,17,38,35,30,23,30,21,20,28,10,16,48,43,13,33,30,43,30,13,8,20,11,9,20,34,26,28,17,27,14,22,31,13,17,19,20,53,8,43,9,15,10,10,23,16,8,19,12,56,36,37,21,11,13,18,9,11,24,12,59,27,11,18,15,28,9,22,13,14,21,24,19,19,13,33,25,20,21,9,22,13,11,12,19,63,12,21,11,20,14,59,32,17,30,27,17,32,30,11,7,42,28,13,19,10,11,34,20,10,12,42,99,12,14,12,10,46,22,17,10,11,25,19,10,12,50,21,12,9,12,15,13,11,16,19,41,20,32,13,40,20,36,13,19,45,11,12,14,43,16,17,15,15,31,12,13,22,39,16,74,11,16,10
12,12,12,34,14,11,14,13,31,12,15,27,18,16,48,11,20,18,22,31,20,20,14,31,46,14,26,26,15,11,21,11,19,51,25,48,30,15,31,14,9,18,47,14,41,17,9,20,14,31,20,13,22,20,22,21,49,30,19,21,29,19,16,13,10,11,20,31,33,15,30,13,17,33,17,17,16,12,39,17,12,10,10,8,13,31,26,9,11,17,57,14,20,16,16,23,51,39,64,30,27,18,20,23,14,21,7,21,29,28,23,30,22,13,16,55,12,16,27,9,15,20,23,26,27,36,23,41,27,31,35,18,10,11,20,23,11,25,24,9,14,11,23,16,13,24,11,12,11,28,24,18,9,18,20,9,13,17,22,29,19,23,10,10,25,16,13,31,27,25,19,13,19,34,22,19,22,20,32,16,25,27,25,27,29,12,16,9,12,16,32,17,12,17,13,14,22,21,17,9,20,14,15,30,11,14,21,28,17,13,12,13,12,21,23,15,58,20,31,25,28,27,18,16,11,38,12,28,40,53,15,55,24,14,28,18,16,10,22,17,22,14,16,29,16,18,17,12,23,10,19,31,20,29,21,24,11,31,55,18,38,35,16,37,22,16,17,17,23,19,22,17,10,14,25,13,14,15,11,58,13,19,32,52,29,10,15,48,16,32,47,15,16,14,11,18,12,12,15,30
19,15,9,15,11,9,33,25,13,22,9,11,28,30,30,17,30,11,17,14,31,23,30,32,19,14,19,29,18,10,22,11,40,42,26,21,21,14,16,16,28,50,23,17,46,13,9,16,17,38,13,37,21,15,72,25,14,27,21,17,23,24,32,15,19,9,50,18,42,15,13,10,62,11,13,17,9,12,14,34,25,16,10,40,19,45,12,10,47,13,21,20,19,11,31,10,15,14,20,31,13,43,18,18,12,30,24,13,14,27,29,11,26,43,15,23,25,11,19,15,18,27,19,33,54,20,21,24,19,14,15,26,69,18,14,68,31,29,22,14,19,9,14,11,18,33,22,36,10,13,12,15,7,16,10,39,11,22,31,14,13,32,8,9,72,16,15,10,10,20,14,25,15,30,28,47,14,30,14,13,17,13,15,41,13,14,17,13,19,20,38,9,11,18,16,53,20,12,14,12,21,21,41,35,12,12,12,23,34,13,15,19,11,43,17,17,15,21,34,16,13,60,14,13,21,9,26,27,11,48,29,16,38,19,24,44,35,25,18,10,11,39,33,19,15,23,73,15,28,27,15,43,23,12,38,44,19,12,51,29,27,21,33,14,19,20,21,53,18,16,29,12,25,34,16,24,26,10,17,14,24,45,16,39,12,8,14,30,18,11,10,14,18,10,15,13,36,15,13,25
31,17,19,37,35,15,31,13,12,20,41,15,21,13,32,22,29,13,23,12,9,29,11,10,35,29,18,15,19,30,10,29,27,15,28,21,14,13,11,44,12,22,39,13,70,34,18,7,21,15,11,10,11,77,30,58,15,23,12,39,9,18,15,18,40,18,12,46,14,14,27,39,27,10,100,20,9,34,12,8,40,286,264,230,244,261,256,270,228,288,248,259,255,206,221,279,267,287,245,273,275,240,251,241,247,229,245,265,257,227,243,266,260,244,251,250,251,221,241,238,238,228,250,234,255,250,238,244,219,273,263,207,237,203,253,255,264,269,240,269,224,280,252,246,259,221,247,244,244,219,205,276,234,266,236,245,266,258,235,269,250,243,261,271,231,241,242,249,210,265,255,243,264,237,265,264,242,228,264,240,231,240,224,252,238,241,263,209,261,221,261,232,262,244,264,223,266,235,249,236,280,262,236,293,218,235,243,257,226,240,246,218,249,253,265,255,251,228,275,192,265,251,263,243,244,223,228,255,268,224,217,215,228,243,252,241,245,239,223,242,242,216,267,220,260,271,240,283,224,256,256,245,256,208,234,252,227,249,248,251,239,272,258,272,261,275,246,273,228,250,245,263,258,271,243,267,231,235,248,235,270,255,277,218,217,251,238,219,228,271,225,244,261,268,257,256,258,244,238,229
9,13,20,24,27,11,13,11,16,12,13,10,13,33,24,13,29,14,33,19,45,12,14,49,15,8,15,36,23,36,19,20,31,17,8,27,12,21,18,48,15,18,10,12,13,23,13,26,17,16,13,14,9,12,16,57,10,12,13,18,17,17,26,16,8,15,30,38,18,40,19,12,8,14,77,17,12,24,21,17,15,25,18,12,39,26,51,18,13,17,12,42,8,20,37,50,17,12,22,13,16,13,11,22,13,15,28,23,13,33,40,24,11,13,16,29,26,10,30,31,12,19,26,31,30,10,19,28,13,14,11,9,12,16,43,33,44,9,12,25,20,28,13,15,19,32,11,31,10,24,15,11,18,14,10,12,13,15,22,26,12,10,36,18,15,32,37,18,19,79,19,12,13,22,22,12,37,11,13,30,23,9,36,25,15,16,18,54,12,50,22,18,21,10,20,10,23,15,16,14,16,12,18,12,15,26,54,16,18,13,21,37,18,18,11,14,20,18,15,15,9,43,11,10,25,31,13,17,38,15,11,14,12,10,19,14,15,8,23,26,19,29,28,9,27,43,19,9,47,51,11,12,11,19,10,24,20,9,18,28,11,27,32,19,26,21,17,11,8,53,15,21,22,23,22,76,19,10,26,54,14,14,56,16,25,17,17,33,14,67,19,15,34,16,42,11,29,36,20,18
21,14,26,16,38,37,10,51,24,22,29,50,21,20,9,10,16,39,21,13,27,13,8,20,14,9,15,29,56,16,11,62,22,11,15,33,15,10,60,16,9,12,39,43,15,22,39,24,35,13,20,25,16,38,26,31,13,18,15,14,24,35,17,23,10,12,12,12,30,22,11,43,14,16,14,32,20,13,39,32,20,11,11,42,22,30,18,15,30,11,15,18,12,15,17,29,20,18,33,44,19,15,16,19,22,20,17,16,59,16,13,16,11,13,21,42,31,11,16,31,15,20,11,12,16,12,29,29,15,15,12,13,79,13,17,26,9,14,42,25,9,15,39,16,11,11,10,30,12,24,13,10,13,64,10,50,11,13,22,18,9,37,15,14,28,15,28,21,37,19,48,11,12,70,21,28,12,14,36,17,9,24,19,37,14,48,12,11,35,13,15,15,10,28,15,19,66,12,8,16,23,12,16,21,15,13,9,12,20,30,13,19,18,12,19,11,10,37,18,10,16,14,65,23,17,15,21,11,47,34,16,10,16,10,8,17,26,24,12,15,19,17,13,52,30,15,14,14,18,17,11,19,12,37,16,36,13,12,11,23,15,16,20,15,11,18,8,23,54,16,13,25,33,8,19,19,12,13,14,13,20,13,21,15,21,9,18,38,13,24,18,19,17,11,13,28,19,8,23,13
17,13,68,14,29,14,20,16,10,13,15,30,49,8,14,29,23,14,19,16,8,19,27,11,8,25,18,18,14,16,33,35,17,9,16,16,11,17,16,17,11,17,11,48,22,13,46,12,34,10,11,12,29,9,21,33,31,36,28,12,21,27,12,14,14,14,43,17,20,19,10,16,21,16,14,18,14,15,30,14,45,11,23,8,30,26,11,26,39,14,14,11,15,16,9,18,36,18,14,49,15,17,23,23,12,13,19,22,37,24,36,38,14,19,25,46,31,41,42,42,20,12,9,27,38,37,23,17,47,24,7,9,31,26,15,25,12,16,35,14,25,9,9,14,11,20,34,13,15,13,20,32,12,14,10,20,12,28,12,12,34,11,20,27,16,29,24,12,15,13,15,83,15,11,11,17,16,19,9,21,26,19,30,14,34,11,25,36,18,15,15,13,54,34,23,8,25,18,8,17,23,38,29,18,52,11,65,29,12,26,17,10,12,56,16,34,50,24,10,12,11,16,18,20,13,17,20,17,29,13,13,10,13,15,13,26,9,39,13,15,30,12,11,12,11,16,22,29,10,13,11,27,28,30,15,59,24,12,15,69,14,23,13,15,10,15,10,19,12,14,17,79,15,18,14,11,25,16,32,24,8,25,17,10,13,10,8,12,22,10,10,20,26,12,19,32,14,9,45,22
35,17,23,18,8,11,17,16,18,13,20,23,21,11,23,17,33,13,50,24,19,28,12,36,9,47,16,13,25,16,14,31,9,25,10,22,13,24,22,28,19,20,29,14,24,18,26,34,31,19,14,15,22,14,28,10,15,49,21,22,19,30,24,11,21,26,13,38,15,13,19,16,20,17,30,24,18,30,12,15,25,17,24,9,23,32,22,9,30,43,57,24,27,10,13,30,18,10,10,36,13,14,12,25,7,9,7,10,9,50,19,20,16,12,19,38,9,9,11,16,16,26,30,7,21,19,20,16,8,14,13,19,25,20,27,10,16,18,13,9,20,12,11,24,15,14,11,21,21,18,18,18,25,24,11,17,29,39,11,22,16,29,52,8,20,23,12,58,23,25,20,27,24,21,40,9,20,23,29,25,14,15,46,19,47,17,12,15,24,12,28,18,15,27,27,31,34,33,15,27,13,20,8,28,15,15,17,33,12,41,12,10,33,32,17,28,26,18,73,21,59,9,37,29,26,19,12,13,13,14,10,24,27,22,16,12,13,10,12,12,18,32,12,13,45,15,25,19,18,16,11,20,16,73,14,22,12,21,47,34,13,21,20,48,17,13,21,38,17,39,18,15,12,20,27,17,9,15,11,24,17,22,22,10,22,21,10,30,14,105,16,17,499,499,499,499,499,499,499,499
66,17,31,13,13,21,21,20,24,15,24,30,15,35,37,11,31,20,30,45,36,25,10,16,16,16,21,39,25,12,25,14,22,38,16,29,18,22,10,13,17,38,13,35,27,14,16,15,16,17,12,32,40,15,32,12,21,18,30,9,15,19,16,12,35,10,24,10,12,26,22,14,12,10,25,12,24,11,23,14,13,13,20,13,14,26,25,11,15,14,15,19,29,20,21,25,30,75,35,12,14,9,28,16,31,30,36,9,50,16,26,42,54,32,14,18,11,11,20,27,22,36,14,49,34,15,36,21,19,19,9,10,15,38,11,9,12,13,13,34,12,11,13,18,31,19,37,18,28,31,10,36,31,29,14,33,26,17,49,17,23,14,20,23,11,28,15,24,16,20,21,10,21,25,15,18,24,14,16,27,17,9,12,8,9,15,16,16,24,12,32,20,28,24,29,14,14,21,14,28,41,11,19,34,9,12,8,33,58,17,15,52,9,13,17,10,17,26,24,44,17,11,12,25,14,14,40,11,11,8,13,16,32,32,21,11,26,39,10,44,23,28,19,34,17,28,10,37,20,9,23,13,14,11,13,18,14,15,14,15,15,15,33,16,12,16,15,13,7,17,16,10,14,26,21,11,39,52,10,25,21,12,27,32,22,36,81,38,29,15,11,13,14,10,13,17,13,17,28,29
21,12,18,15,15,9,11,11,61,34,55,15,17,18,51,11,15,24,11,28,29,38,24,12,32,26,9,13,21,13,18,38,42,33,14,11,49,16,19,13,53,23,18,23,37,10,13,48,28,14,19,23,23,47,17,14,18,16,23,12,14,33,19,14,21,37,36,14,24,18,17,30,10,18,15,44,7,19,37,41,35,13,39,17,25,19,27,17,26,22,14,22,13,10,14,13,9,9,13,28,13,9,18,19,13,17,22,20,23,11,23,21,22,27,18,17,13,23,26,17,22,52,43,18,19,10,15,10,8,24,20,18,27,27,25,30,17,50,23,17,12,18,23,21,45,19,11,17,35,12,23,28,12,14,13,21,19,29,23,16,13,21,35,26,19,11,23,28,17,16,10,24,18,10,22,36,22,19,35,43,36,11,12,37,50,33,15,16,14,19,13,30,24,10,21,26,33,16,11,22,16,19,25,24,17,11,14,27,9,9,12,14,8,13,25,23,16,16,14,14,10,10,15,9,19,17,97,9,25,24,12,20,11,48,26,23,20,28,19,15,10,52,34,31,37,15,20,30,15,15,31,49,12,11,39,15,20,25,11,19,43,23,27,30,20,14,13,10,13,11,59,35,12,25,37,11,33,14,24,18,26,13,21,30,21,13,9,12,18,7,20,21,11,17,55,28,38,28,15,12
9,25,16,37,15,10,33,17,17,21,10,23,28,43,16,22,25,27,23,12,32,15,23,35,20,14,34,18,13,27,16,18,10,30,20,21,16,13,36,24,14,12,30,20,25,41,41,20,20,20,11,12,19,62,16,23,22,36,10,20,10,8,95,71,15,37,35,28,36,12,9,18,12,28,13,18,21,23,13,25,11,11,16,15,30,11,41,16,34,14,17,41,33,14,22,15,48,10,49,30,12,14,14,17,40,12,31,14,18,17,16,15,31,19,14,14,19,15,15,50,29,26,14,9,13,42,19,26,10,9,20,15,11,29,11,27,32,24,14,12,14,8,23,16,14,38,10,33,28,16,20,43,15,23,20,9,11,21,15,10,13,43,13,20,22,32,60,13,15,26,28,31,23,34,29,26,14,13,20,17,18,11,12,13,36,19,8,15,19,57,13,17,19,21,12,15,31,11,26,43,25,18,61,36,14,45,24,49,26,11,32,11,31,13,15,11,17,13,23,12,14,13,57,34,12,26,41,22,13,19,11,10,11,18,18,18,16,18,12,23,64,16,32,11,12,30,38,18,31,42,29,29,22,14,17,19,15,9,35,17,15,11,17,10,27,21,49,22,17,21,15,19,14,11,34,12,11,18,27,18,19,8,17,11,11,14,10,21,19,14,39,14,69,31,14,20,11,47,18,45
12,17,8,23,21,22,21,14,31,23,13,18,24,12,20,19,11,12,9,24,11,18,14,12,57,37,27,18,31,20,16,25,20,10,21,26,10,13,50,11,11,16,8,13,14,20,14,12,12,46,16,42,16,13,14,21,17,14,9,14,14,42,9,10,10,22,39,9,25,97,12,23,15,10,13,17,9,30,18,10,14,22,10,23,14,10,23,19,43,14,32,17,23,18,19,10,14,15,14,12,13,25,14,42,13,16,9,13,27,22,10,18,51,14,23,19,26,18,18,12,10,9,60,18,27,19,21,10,12,26,42,13,12,16,18,13,9,9,33,15,17,18,30,10,12,20,26,40,18,29,19,26,14,9,14,34,12,11,11,14,12,24,15,39,17,25,15,13,17,16,55,15,24,11,20,24,28,17,16,33,17,16,27,24,23,11,13,11,10,50,13,17,26,19,23,14,18,13,22,19,21,14,18,35,26,13,34,22,18,26,42,17,10,44,15,32,13,34,9,18,10,12,15,15,13,27,14,69,41,22,22,30,14,12,19,20,15,11,9,11,15,36,38,18,34,13,20,13,18,20,22,16,22,33,23,20,12,11,13,7,14,22,30,18,42,47,11,40,12,18,13,30,31,35,22,12,11,12,19,26,10,12,9,15,33,11,16,21,38,12,11,17,26,10,13,21,23,28,18,21
10,27,15,10,13,26,12,12,21,29,21,28,9,25,10,24,37,11,43,11,11,24,8,24,21,20,9,20,29,23,21,26,22,14,14,20,75,18,15,8,15,8,10,15,24,21,21,48,62,19,31,16,15,27,41,25,9,57,36,17,56,14,29,17,17,18,8,27,38,18,12,23,20,16,11,50,23,9,11,25,13,8,15,10,25,25,16,11,16,11,12,15,47,84,26,36,27,9,24,16,14,15,28,31,23,22,10,21,18,27,11,36,40,9,21,12,14,18,21,26,13,12,14,10,45,17,21,23,21,50,29,15,11,29,44,35,25,32,19,13,26,40,28,18,29,56,9,16,39,20,13,29,31,25,14,24,18,8,21,14,20,18,14,9,13,46,35,19,36,10,13,14,12,13,17,33,16,21,32,12,10,18,19,31,15,14,15,19,16,9,9,41,10,39,13,30,40,16,19,9,14,28,16,28,50,15,11,21,21,14,14,20,27,11,13,13,80,19,22,62,12,10,16,12,11,59,20,18,16,9,18,11,13,25,26,12,29,22,14,11,11,37,39,20,20,18,31,9,11,10,17,15,13,13,13,22,16,13,10,20,43,30,38,54,15,15,8,11,43,19,26,29,10,11,39,41,44,25,19,21,12,29,36,17,9,16,24,12,29,11,25,27,11,17,15,46,20,42,39,18
15,13,14,21,12,29,9,21,11,29,25,14,12,18,19,20,25,11,19,18,31,34,34,34,11,14,26,12,11,9,9,12,15,38,22,13,19,11,18,15,9,11,27,19,10,29,9,18,14,17,23,24,27,19,9,22,33,8,28,13,15,22,17,20,14,27,17,21,64,27,23,37,18,15,14,44,42,46,26,14,33,19,18,23,12,20,50,34,11,9,10,12,21,21,41,17,15,14,19,13,19,13,22,22,14,51,9,25,13,21,17,16,12,65,15,15,8,9,11,28,34,28,12,12,38,28,33,12,12,13,15,17,59,15,14,21,15,17,21,38,33,17,49,13,19,13,22,23,23,11,21,23,21,30,11,28,40,12,12,14,11,19,11,23,13,12,22,22,12,9,10,17,10,14,18,15,52,50,28,13,126,499,499,499,499,499,499,499,499,499,499,499,499,499,499,499,499,499,499,499,499,499,499,499,499,499,499,499,499,499,499,499,499,499,499,499,499,499,499,499,499,499,499,499,499,499,499,499,499,499,499,499,499,499,499,499,499,499,499,499,499,499,499,499,499,499,499,499,499,499,499,499,499,499,499,499,499,499,499,499,499,499,499,499,499,499,499,499,499,499,499,499,499,499,499,499,499,499,499,499,499,499,499,499,499,499,499,499,499,499,499,499,499,499,499,499,499,499,499,499
16,11,10,20,14,22,47,18,12,13,40,14,14,23,16,9,24,13,25,9,33,54,19,29,15,16,38,12,29,36,13,9,26,9,19,10,18,18,27,32,20,48,33,13,21,25,33,12,22,12,11,17,24,19,15,10,35,40,10,10,12,9,30,15,15,28,26,18,16,19,54,15,20,37,25,13,31,12,22,69,21,24,72,11,22,17,24,16,24,16,15,33,16,12,16,27,21,14,21,10,12,18,11,10,24,48,16,17,16,25,14,15,11,19,16,10,10,13,22,16,42,19,19,24,11,11,20,49,24,16,21,35,54,29,34,13,9,10,16,13,13,15,25,17,11,27,27,19,40,10,22,13,48,35,15,13,14,12,11,9,58,14,10,9,16,20,13,14,24,17,20,10,19,18,27,17,38,18,30,11,27,10,24,10,13,43,11,21,14,19,22,16,43,11,9,23,26,64,15,14,23,19,16,26,9,7,21,56,25,12,10,20,23,10,16,54,50,47,43,14,21,43,10,28,8,18,31,20,17,30,11,22,18,26,20,23,10,21,12,35,12,21,34,27,18,22,27,12,18,20,20,18,9,29,22,25,38,13,14,16,33,48,10,17,13,23,12,27,17,23,12,52,16,24,32,34,30,12,15,13,14,23,17,40,17,38,13,47,13,34,33,25,14,48,12,21,22,10,53,10
41,10,17,9,16,17,13,23,43,16,18,15,13,11,15,14,28,15,22,20,13,42,35,17,14,19,34,27,24,13,41,12,15,48,11,10,34,13,20,26,53,17,33,42,24,54,37,33,8,9,10,20,12,24,33,18,11,9,15,8,11,17,35,55,13,26,37,13,9,26,36,15,10,37,19,19,18,13,21,40,8,10,19,18,23,13,17,17,42,19,29,11,16,12,8,10,11,11,25,23,14,30,17,21,14,10,11,11,54,11,12,16,14,15,15,25,52,20,13,19,9,7,27,20,30,7,20,30,15,12,22,41,18,49,10,15,10,18,14,18,11,32,14,18,23,16,16,13,29,10,28,9,12,42,39,20,16,11,26,16,18,11,37,22,34,41,12,17,27,21,19,28,10,12,14,8,12,26,34,23,43,21,15,20,21,25,10,27,22,33,70,51,21,24,19,23,12,16,15,59,35,16,24,23,17,41,11,17,17,43,17,16,22,19,19,65,15,12,47,18,13,18,17,30,45,30,16,12,33,18,32,26,7,16,26,19,10,14,19,14,23,10,27,15,48,45,48,16,14,13,16,14,9,24,19,24,17,9,46,31,22,19,18,10,12,21,32,14,34,24,39,14,18,18,16,15,17,32,24,23,33,20,23,18,36,15,20,17,33,39,8,17,25,18,25,24,8,42,8,39
34,42,43,22,69,27,18,15,17,52,9,14,17,17,21,12,33,16,23,12,15,27,15,17,17,30,18,16,22,27,9,29,19,17,18,25,15,23,34,11,23,28,10,13,16,17,13,13,15,23,35,17,25,23,11,16,12,13,18,7,20,65,33,23,21,29,38,18,57,21,12,10,20,18,12,16,21,25,21,13,14,34,19,21,13,18,15,14,11,45,67,49,46,21,49,14,10,15,17,10,17,26,24,23,37,18,23,19,21,11,27,20,12,12,42,14,20,45,16,17,10,15,9,23,22,20,20,22,28,9,11,22,13,16,11,36,13,40,11,24,13,24,47,17,11,16,27,11,21,13,19,16,17,13,18,30,13,9,24,30,23,23,27,21,15,21,58,20,12,30,9,40,38,21,55,32,19,12,10,19,18,21,19,14,14,18,27,9,28,15,25,13,17,17,37,29,11,18,16,46,16,16,36,12,13,14,11,15,34,13,17,22,16,23,15,20,11,29,12,13,10,8,23,33,25,43,29,21,13,12,34,24,15,39,9,17,48,22,14,31,23,29,11,27,24,9,16,11,34,31,33,39,28,17,26,26,27,15,19,27,9,19,42,10,21,8,54,26,47,29,28,23,30,17,50,51,16,14,38,10,12,12,25,16,16,21,17,20,13,34,42,48,28,14,11,27,16,26,44,12
21,23,39,13,13,21,68,35,9,51,19,22,15,20,8,19,19,13,14,15,11,14,30,21,18,32,20,71,11,32,16,28,74,25,63,28,10,38,15,46,12,25,10,17,34,12,14,30,25,14,23,9,10,13,15,26,23,17,10,24,15,36,13,23,23,18,22,23,45,25,33,30,8,55,7,21,13,11,14,14,12,29,31,16,22,19,17,12,20,12,9,23,32,26,94,30,9,13,20,35,16,26,44,12,12,18,14,19,20,12,17,10,26,30,11,11,13,11,17,9,20,18,19,18,18,36,17,19,15,15,13,20,15,18,18,10,18,10,18,24,11,41,12,24,40,40,33,17,8,29,29,19,17,23,10,19,19,18,18,24,20,45,30,29,40,31,19,22,21,9,22,16,15,13,33,14,20,18,30,8,16,21,8,41,14,20,23,26,10,16,10,21,21,28,13,12,10,21,14,9,20,27,34,17,7,29,14,30,35,20,21,17,22,43,15,8,13,22,18,13,19,10,12,38,75,42,18,11,20,27,43,15,18,11,28,17,10,14,13,21,16,11,9,9,11,16,42,23,21,15,18,10,83,14,60,16,22,8,45,9,24,14,9,9,16,14,21,30,23,54,24,18,12,16,17,26,24,10,15,14,16,21,27,24,65,20,27,20,9,38,16,32,21,12,21,13,12,15,9,13
43,14,11,19,8,70,25,21,14,22,15,24,37,17,9,35,29,19,23,16,13,58,13,11,10,21,32,68,16,8,17,20,18,23,17,21,19,19,18,9,23,29,19,16,43,22,20,10,32,17,14,12,19,14,11,14,29,16,16,44,12,17,23,22,18,10,12,14,13,13,16,33,20,17,8,75,13,12,38,12,19,68,28,12,11,19,32,29,17,20,40,11,19,22,12,35,26,29,33,25,14,40,15,37,28,12,28,16,9,16,9,11,11,24,17,22,21,13,23,21,16,33,14,12,25,22,23,12,21,17,12,21,39,17,11,14,28,13,13,13,12,13,20,9,26,17,11,12,39,73,18,14,23,18,9,12,26,25,16,19,40,18,8,32,32,15,50,9,19,34,31,25,14,15,22,18,18,12,15,17,32,52,15,16,17,19,45,14,56,10,17,32,53,18,16,11,23,15,19,26,24,10,29,19,25,18,20,16,38,27,24,15,20,33,18,14,23,17,21,26,32,32,10,12,13,12,26,27,20,22,16,19,41,23,24,11,34,19,14,20,13,12,12,42,17,30,17,20,13,25,33,8,18,19,15,9,31,9,7,10,24,31,66,59,12,27,9,9,17,16,27,13,9,8,46,14,9,13,17,15,18,12,16,22,51,28,18,11,19,18,11,16,55,52,10,26,23,9,28,47
29,9,15,8,14,31,23,14,12,20,31,24,20,10,19,22,10,11,11,9,26,13,21,13,34,34,37,17,17,25,69,23,25,17,11,26,27,15,37,35,12,11,9,18,39,16,12,16,19,10,16,17,11,10,17,12,18,17,18,46,11,16,23,14,14,57,13,15,31,10,13,30,13,35,12,24,15,19,15,17,22,13,29,54,10,18,32,34,12,16,37,17,11,16,19,10,12,21,21,14,17,13,22,10,26,25,10,15,25,20,19,20,53,10,25,26,9,74,24,12,10,14,18,15,13,13,21,37,17,14,16,17,16,13,9,23,14,17,12,20,13,19,29,23,16,11,37,17,15,19,19,12,36,26,10,17,14,14,19,19,34,9,9,11,9,17,14,10,13,66,14,29,16,16,36,32,28,16,21,26,24,17,21,42,15,24,24,20,19,9,16,20,23,14,10,21,56,8,17,27,17,13,79,15,23,14,31,60,58,32,43,11,19,13,15,15,22,11,14,12,73,76,41,11,24,16,35,12,11,16,18,14,18,16,10,12,17,13,52,34,14,19,16,17,30,24,8,8,21,10,25,13,11,16,15,17,37,24,14,21,12,46,9,32,21,31,29,17,17,21,11,16,11,32,15,36,17,16,11,11,16,15,11,12,20,27,8,20,13,9,43,25,8,12,8,20,27,15,17,35
25,28,16,11,34,14,12,19,13,12,20,23,33,19,11,23,15,28,36,15,49,15,15,9,11,11,53,18,11,9,27,33,12,11,66,18,18,9,14,19,11,8,14,23,13,19,23,19,23,30,12,28,20,12,18,13,38,19,11,10,11,22,44,16,13,27,14,14,13,15,10,18,24,13,40,21,20,37,14,23,52,10,16,10,33,20,13,13,28,12,25,10,30,10,15,10,17,12,14,19,19,30,12,30,12,28,19,14,11,13,9,95,12,12,15,19,9,54,23,20,25,12,45,14,7,15,21,66,19,10,31,26,40,10,29,13,36,44,31,17,53,11,18,30,22,8,17,17,49,8,18,13,47,36,13,26,14,34,29,20,45,22,20,15,17,11,18,17,19,32,27,12,29,27,26,16,10,9,13,21,27,12,29,29,39,57,20,23,15,22,29,50,19,9,20,14,18,30,24,16,32,23,31,30,34,22,17,15,23,18,16,21,11,18,13,9,41,7,13,18,14,13,24,14,13,15,9,29,49,29,18,22,15,20,9,13,34,31,11,11,15,11,14,22,13,49,10,20,20,15,15,22,30,26,29,33,17,12,53,30,13,27,41,16,42,13,9,24,18,14,11,25,16,15,41,12,22,59,37,18,19,28,50,28,29,28,28,12,26,17,14,16,23,12,14,36,43,32,24,32
9,13,40,19,20,12,11,11,20,31,12,16,75,22,53,29,13,15,17,26,38,55,50,22,9,17,19,10,34,16,18,24,13,18,14,21,16,15,38,87,24,12,15,11,8,22,16,17,18,37,28,37,10,27,15,11,11,12,35,13,23,11,19,36,15,13,15,19,20,20,22,15,13,20,25,11,14,21,12,48,23,67,17,19,24,14,71,14,25,17,11,18,12,12,36,11,23,23,18,9,18,8,10,31,19,34,27,29,34,12,9,44,23,8,15,47,29,53,41,12,25,12,19,13,10,8,42,29,18,12,32,29,30,28,14,16,12,11,14,27,16,17,16,11,15,17,79,26,22,26,23,35,15,10,9,22,18,20,15,21,24,9,13,7,13,39,40,23,11,26,25,13,53,15,11,15,27,11,15,30,12,28,14,9,25,23,49,23,38,17,35,58,11,24,48,35,11,24,19,18,10,14,9,19,15,25,31,49,15,15,35,62,42,20,10,11,18,25,14,35,14,49,19,11,14,23,39,12,14,9,23,20,11,18,33,13,53,21,15,15,31,32,19,13,11,22,24,12,18,29,16,27,33,15,24,28,24,14,13,33,62,42,18,25,12,17,21,9,13,11,28,11,13,27,10,16,11,11,37,13,16,13,17,8,59,9,25,10,21,13,11,78,12,20,11,36,10,23,12,16
11,13,9,34,27,10,56,24,22,38,12,11,38,31,20,23,20,12,30,19,25,24,37,25,28,14,43,15,11,19,12,9,9,16,22,12,13,16,23,23,13,29,23,11,13,24,11,14,18,8,13,8,27,18,18,21,61,11,31,18,54,29,18,22,14,13,15,21,40,10,15,29,12,12,18,18,11,22,18,19,27,14,12,38,20,16,13,11,32,20,22,13,11,10,36,16,13,46,8,25,26,11,10,13,20,12,30,14,12,19,20,17,15,13,59,27,33,38,24,27,11,25,51,31,34,25,13,21,26,16,19,29,31,17,20,24,13,14,16,24,39,33,22,22,10,19,20,21,29,27,12,23,32,40,25,9,36,19,46,33,48,17,17,28,16,24,21,29,15,17,9,24,8,25,13,19,9,31,31,30,18,12,22,25,16,15,11,23,39,44,17,43,11,10,18,14,14,15,25,12,33,15,19,9,16,45,21,10,16,32,14,14,12,55,19,18,8,13,14,23,10,13,50,15,15,18,8,10,18,40,13,20,14,20,29,15,9,25,13,24,16,10,13,41,17,13,22,23,19,10,10,9,14,10,15,38,14,18,31,44,20,8,18,17,10,11,36,37,25,16,8,19,68,24,10,12,19,28,22,22,11,60,10,33,17,29,31,18,12,31,22,33,13,14,13,8,24,14,17,30
13,26,14,41,17,13,69,29,13,20,17,22,22,30,27,47,18,26,21,16,28,16,36,39,19,33,12,14,21,21,27,17,15,46,19,43,17,16,25,9,54,17,22,47,12,40,11,15,17,53,17,22,20,25,18,54,13,11,25,21,25,16,18,10,15,14,29,15,15,56,12,12,11,16,31,23,14,21,17,19,19,13,11,40,11,18,27,11,39,45,24,26,10,13,28,9,18,21,24,23,13,87,15,15,26,17,13,21,30,34,27,21,18,47,23,32,19,8,18,17,40,15,15,34,19,17,35,15,30,16,15,15,24,17,20,11,23,22,39,15,8,21,19,28,14,13,18,16,11,13,21,15,13,29,15,12,26,13,21,11,20,21,7,37,13,16,50,20,44,11,33,14,8,10,22,12,18,13,11,22,18,24,22,10,11,33,11,11,14,20,28,16,44,16,11,18,16,20,10,13,8,36,17,16,10,25,15,10,29,13,17,17,22,29,13,12,11,17,14,14,20,11,17,17,31,31,33,13,19,63,19,12,11,14,30,12,12,17,31,22,31,13,23,17,20,26,17,13,14,9,9,33,22,31,11,9,18,14,19,10,15,13,10,22,10,65,13,10,18,22,18,25,19,13,13,18,15,25,23,14,12,35,39,10,21,28,12,13,12,8,15,29,13,18,9,11,9,20,19,21
26,23,12,17,19,18,13,18,10,14,19,10,17,20,13,25,44,29,16,25,24,33,29,30,14,19,19,90,11,74,11,48,51,35,8,24,11,12,11,16,21,30,35,24,57,20,18,60,49,33,17,13,12,16,26,17,17,16,54,24,17,19,19,16,15,19,20,19,17,39,26,15,22,13,25,27,11,23,21,25,15,34,32,28,18,11,26,18,12,31,17,10,14,11,18,25,21,28,16,39,47,35,11,16,12,16,14,21,28,54,75,15,28,38,13,75,9,13,26,10,9,15,77,16,10,28,65,18,15,30,31,24,18,14,9,20,33,51,29,12,16,19,24,34,13,18,15,29,18,46,17,41,23,14,18,9,19,31,16,28,22,11,40,30,12,11,12,15,9,18,33,13,18,14,15,47,18,23,24,28,10,15,17,15,12,20,13,20,53,47,20,32,19,8,14,17,18,19,10,31,26,15,21,11,11,26,27,24,33,13,13,14,50,26,8,11,21,11,12,32,13,14,16,48,16,14,14,47,51,33,29,13,19,24,13,28,10,12,26,16,14,24,28,62,13,33,8,14,27,30,30,13,10,21,11,11,11,13,10,17,12,16,34,39,15,14,14,10,14,40,12,12,22,36,13,13,12,8,17,16,17,8,8,15,43,16,35,33,13,82,8,24,38,22,11,48,16,21,25,21
27,15,18,40,13,19,11,13,52,20,22,13,11,11,8,23,11,13,13,15,28,20,25,14,11,30,9,10,11,16,28,32,21,17,24,22,34,10,21,37,8,42,17,16,9,14,23,9,26,19,10,14,19,22,53,10,47,14,18,19,13,19,16,13,14,19,42,9,20,12,32,13,15,16,20,17,41,27,14,24,11,18,17,23,11,11,19,22,10,10,55,12,16,12,24,14,24,19,20,17,20,14,10,18,11,58,35,34,13,46,16,50,48,32,13,43,27,15,42,16,38,23,42,21,25,11,12,21,39,32,8,21,11,48,86,16,14,31,22,15,18,21,18,19,19,12,9,13,32,18,14,73,24,39,17,19,26,60,12,40,12,22,12,26,21,26,12,43,16,15,35,22,23,14,16,10,10,27,21,14,22,12,16,28,33,13,9,21,12,11,12,25,29,21,18,34,18,9,28,25,18,25,9,22,46,47,22,17,12,16,11,14,14,24,20,39,14,13,34,16,40,34,26,13,11,33,28,26,13,18,11,10,12,12,16,15,12,25,35,30,11,17,9,16,52,15,61,28,23,50,19,20,16,19,10,15,43,24,25,14,12,14,12,12,13,20,23,24,40,9,12,26,14,15,17,25,8,10,15,13,14,30,14,31,28,18,10,16,29,9,31,16,11,15,24,41,21,14,18,8
13,8,56,8,12,19,21,10,11,8,35,26,19,19,14,12,16,39,34,19,23,35,16,62,23,30,8,35,30,23,16,15,17,22,14,28,22,10,14,43,10,14,31,15,13,15,18,56,20,15,16,39,23,54,17,16,40,18,12,14,35,39,35,13,16,16,43,26,14,9,22,12,27,15,12,15,22,28,22,13,11,20,25,25,13,12,33,29,17,19,10,13,25,61,50,18,15,32,9,12,15,10,27,13,10,15,11,29,18,43,18,8,24,26,28,15,10,16,14,28,11,12,12,10,12,13,21,14,16,24,43,14,12,13,9,13,19,17,22,26,17,16,34,17,8,21,17,19,14,29,17,12,19,15,21,19,12,11,22,19,52,15,19,22,14,13,9,24,32,24,21,10,18,18,31,24,15,24,21,50,17,21,19,15,24,9,16,14,24,22,12,16,11,11,56,12,20,13,21,10,13,21,7,24,18,23,14,12,17,27,25,16,11,112,499,499,499,499,499,499,499,499,499,499,499,499,499,499,499,499,499,499,499,499,499,499,499,499,499,499,499,499,499,499,499,499,499,499,499,499,499,499,499,499,499,499,499,499,499,499,499,499,499,499,499,499,499,499,499,499,499,499,499,499,499,499,499,499,499,499,499,499,499,499,499,499,499,499,499,499,499,499,499,499,499,499,499,499,499,499
22,16,13,21,16,18,24,23,22,17,18,24,22,30,32,21,23,33,18,15,10,11,14,9,21,50,27,27,13,23,16,8,14,20,19,19,9,30,57,13,58,24,36,39,10,13,38,46,21,14,11,12,28,22,35,11,13,15,12,36,24,64,24,26,9,29,18,17,20,25,22,17,31,9,8,26,13,27,23,10,29,27,18,12,33,17,48,31,10,18,21,21,20,9,19,11,11,13,31,25,10,46,8,47,10,15,15,25,13,9,19,10,31,9,22,13,31,38,27,17,30,12,14,18,15,25,19,27,17,14,24,20,17,16,27,21,12,44,18,26,20,24,23,29,13,18,11,15,30,23,12,17,40,20,13,18,13,36,12,14,20,21,17,25,39,16,17,28,13,14,11,19,9,33,14,17,13,23,12,16,10,15,46,14,9,37,30,9,15,10,9,14,21,15,19,12,26,9,21,20,27,37,39,25,20,23,11,16,10,28,48,28,33,14,16,46,12,11,21,17,21,22,23,10,16,22,16,12,24,13,10,27,20,10,10,23,16,26,13,10,74,9,40,13,12,13,46,11,12,38,11,64,24,18,35,12,13,42,15,10,14,28,9,20,21,14,29,12,33,16,12,17,34,14,21,10,71,13,30,38,17,24,23,7,12,31,31,15,10,26,25,19,15,15,12,10,21,10,15,17
13,70,24,27,10,11,20,24,23,14,53,36,16,15,23,21,10,19,32,20,10,19,20,70,16,29,12,12,26,33,15,16,16,27,16,14,25,13,17,14,14,33,31,13,23,8,17,32,8,64,38,16,18,16,14,21,26,33,8,13,18,24,22,15,16,14,30,19,27,13,15,9,11,16,21,44,26,25,19,11,16,30,39,32,19,11,15,16,11,10,19,36,14,11,114,8,8,44,10,499,499,499,499,499,499,499,499,499,499,499,499,499,499,499,499,499,499,499,499,499,499,499,499,499,499,499,499,499,499,499,499,499,499,499,499,499,499,499,499,499,499,499,499,499,499,499,499,499,499,499,499,499,499,499,499,499,499,499,499,499,499,499,499,499,499,499,499,499,499,499,499,499,499,499,499,499,499,499,499,499,499,499,499,499,499,499,499,499,499,499,499,499,499,499,499,499,499,499,499,499,499,499,499,499,499,499,499,499,499,499,499,499,499,499,499,499,499,499,499,499,499,499,499,499,499,499,499,499,499,499,499,499,499,499,499,499,499,499,499,499,499,499,499,499,499,499,499,499,499,499,499,499,499,499,499,499,499,499,499,499,499,499,499,499,499,499,499,499,499,499,499,499,499,499,499,499,499,499,499,499,499,499,499,499,499,499,499,499,499,499,499,499,499,499,499,499,499,499,499,499
20,14,16,15,16,12,11,30,29,25,44,12,12,36,34,84,8,10,20,16,30,36,12,49,10,24,9,12,10,10,15,22,22,33,13,12,38,21,16,15,18,16,11,14,17,17,25,14,20,25,31,84,13,21,10,27,12,20,18,37,12,13,11,14,12,26,24,10,11,12,11,43,29,19,9,43,13,26,15,16,8,18,18,16,30,24,21,21,15,19,16,33,29,13,35,9,21,12,15,16,16,67,17,41,38,32,18,9,12,30,21,18,15,10,12,39,14,20,21,13,14,31,21,14,31,11,11,24,16,8,11,24,33,12,21,11,20,20,13,32,19,18,17,38,24,14,13,70,14,21,17,19,22,23,17,9,31,18,48,27,19,25,25,16,16,15,21,29,17,12,45,15,9,27,14,15,50,10,11,18,20,47,12,21,18,14,26,19,19,11,27,9,29,29,15,31,26,17,13,32,26,19,46,31,30,28,12,26,15,20,14,16,25,16,28,10,25,28,12,55,31,14,13,43,19,33,18,9,14,12,36,20,27,45,12,23,14,11,25,18,11,46,23,23,13,16,21,17,14,10,33,23,13,26,17,29,13,26,21,22,12,9,17,11,15,11,23,13,15,79,37,26,12,35,19,35,11,10,15,9,13,19,8,25,10,12,11,29,18,14,20,26,14,21,12,36,12,32,26,14
9,10,15,22,29,26,11,13,8,31,21,21,15,40,33,25,34,12,11,12,32,32,20,10,34,18,10,19,9,30,10,13,27,12,34,35,42,10,14,14,25,22,17,12,27,52,9,11,14,25,14,39,11,18,27,26,11,9,16,26,18,41,14,14,40,29,19,13,15,10,11,16,28,28,15,14,18,21,20,15,65,20,33,26,31,20,12,19,26,40,11,25,19,8,13,64,20,31,29,29,40,11,42,30,14,15,8,15,41,14,11,15,18,22,13,10,39,25,19,14,8,12,66,14,18,20,13,58,12,33,12,26,11,57,10,12,21,29,33,10,14,37,14,10,16,51,9,15,12,22,30,19,11,13,18,32,62,16,35,34,15,10,11,56,28,14,31,9,48,21,32,42,13,9,15,12,28,16,29,13,18,15,26,25,24,16,11,24,23,11,46,42,24,18,8,15,77,21,23,14,67,18,12,14,117,499,499,499,499,499,499,499,499,499,499,499,499,499,499,499,499,499,499,499,499,499,499,499,499,499,499,499,499,499,499,499,499,499,499,499,499,499,499,499,499,499,499,499,499,499,499,499,499,499,499,499,499,499,499,499,499,499,499,499,499,499,499,499,499,499,499,499,499,499,499,499,499,499,499,499,499,499,499,499,499,499,499,499,499,499,499,499,499,499,499,499,499,499,499,499
14,10,13,27,10,55,19,9,18,44,18,25,34,27,23,33,29,31,58,8,26,17,17,12,13,14,19,8,11,12,27,28,17,17,34,42,15,22,14,25,13,14,15,18,35,10,10,17,17,10,37,8,17,17,63,17,24,24,27,10,30,14,22,27,20,14,11,36,10,13,15,22,19,26,9,25,20,25,51,21,21,19,12,25,16,14,13,10,14,20,12,14,26,8,16,33,15,34,14,17,34,11,20,8,56,12,30,14,12,8,16,24,28,43,19,12,23,19,31,12,16,18,13,13,27,8,40,53,15,12,10,31,13,15,27,30,17,20,27,29,21,21,18,11,18,14,24,13,19,15,29,13,24,23,13,16,21,11,76,13,7,21,17,23,16,12,13,10,8,25,16,14,18,22,37,13,22,31,21,14,18,11,37,16,15,23,19,10,13,16,7,14,16,13,10,16,10,23,26,24,18,17,11,14,20,19,29,17,24,15,35,13,14,18,11,18,21,15,20,22,28,10,22,18,17,32,13,49,14,24,18,25,11,47,16,25,15,40,19,7,31,37,24,10,49,48,18,22,13,39,15,7,36,31,19,17,19,28,20,16,27,20,11,32,15,26,16,41,21,21,31,9,11,51,24,35,33,11,24,26,12,19,16,13,15,15,60,9,9,21,10,16,16,50,34,8,12,45,10,13
10,45,13,12,27,15,35,14,16,26,20,28,15,37,29,20,20,15,23,21,19,25,20,16,10,24,14,13,27,30,29,14,21,13,31,12,24,9,37,50,39,11,15,25,12,11,19,9,9,36,15,14,72,18,22,17,24,28,11,26,13,14,22,8,12,15,24,17,17,19,32,24,9,10,12,27,14,18,27,44,81,12,41,12,18,30,21,17,12,19,11,19,29,10,18,16,16,44,33,16,30,17,31,15,10,22,12,10,21,20,16,30,10,37,27,16,29,33,28,15,12,22,18,10,13,8,22,21,15,37,11,10,17,14,51,41,22,33,24,13,28,44,40,32,13,11,18,15,10,22,11,14,24,9,9,34,16,9,27,40,13,14,51,14,16,16,12,33,19,13,11,12,24,18,41,87,12,19,9,27,21,57,35,33,15,48,28,17,68,27,21,40,9,12,33,9,15,13,32,43,17,16,26,8,38,12,16,9,29,31,10,18,36,14,24,11,18,11,38,11,62,12,14,16,20,10,30,15,32,14,8,12,30,21,13,33,31,10,9,13,35,20,20,17,22,18,11,11,15,29,37,18,23,47,22,39,11,25,12,9,21,22,21,14,14,15,16,12,17,21,16,8,34,15,13,12,36,15,23,9,12,20,12,10,8,19,13,12,41,14,33,27,13,18,9,23,31,13,17,11
8,17,12,15,25,16,26,13,10,27,15,63,29,19,26,15,11,23,16,10,28,23,13,19,13,14,37,13,13,27,18,18,12,39,12,30,10,16,24,13,34,27,14,18,31,18,11,19,28,33,32,19,47,32,21,9,12,22,10,13,11,14,21,17,25,12,32,13,82,12,27,17,10,29,11,12,45,30,15,48,27,25,12,15,20,36,9,14,14,50,14,21,22,20,11,22,13,69,12,10,12,11,16,16,8,12,10,25,11,16,17,9,26,14,22,23,63,47,15,19,10,25,22,15,40,12,22,14,22,23,19,37,22,18,13,28,10,20,11,22,10,29,20,12,18,11,11,20,18,16,10,30,25,11,22,15,15,33,14,17,26,23,10,23,14,31,24,48,27,10,23,12,23,19,11,23,18,19,23,33,47,10,13,13,21,23,60,18,15,32,31,22,46,17,17,25,12,45,19,24,19,22,18,27,63,34,32,32,28,26,11,15,17,14,18,17,18,18,19,38,44,23,29,12,14,17,28,42,29,10,10,48,35,14,24,25,34,14,21,10,37,12,8,10,16,18,12,40,11,9,12,14,14,19,66,49,19,19,8,40,16,38,10,10,12,10,30,34,12,9,13,26,24,10,12,33,31,74,13,31,14,17,24,23,19,24,28,33,28,8,10,19,30,22,10,10,42,18,29,18
30,43,20,11,17,27,15,13,9,25,17,34,11,20,12,11,13,10,19,18,22,32,9,9,36,10,15,15,29,20,51,36,12,10,10,17,12,39,18,18,11,15,20,18,38,26,13,31,9,9,15,16,35,29,21,17,17,17,24,10,40,42,13,18,19,13,27,12,16,22,20,27,14,10,10,35,22,16,15,12,26,39,13,23,25,24,10,12,32,10,18,20,27,18,16,39,9,17,10,53,16,16,24,11,21,62,35,15,21,11,27,11,17,27,19,28,14,38,33,9,22,13,26,50,30,41,12,17,12,8,17,10,20,15,14,17,10,13,16,33,14,10,10,17,9,19,30,17,16,14,54,13,23,19,12,66,11,18,12,12,14,18,10,21,21,12,22,15,18,14,21,28,19,32,22,44,51,14,15,12,33,17,21,18,32,9,57,30,36,11,14,17,15,11,16,15,9,10,21,18,26,35,21,9,20,56,12,19,23,25,16,18,43,14,19,16,16,19,13,30,12,15,26,12,8,12,14,21,15,10,22,23,55,30,17,17,12,17,39,20,22,16,9,14,59,18,13,30,17,27,44,33,13,16,15,30,20,19,24,9,19,31,14,16,16,18,21,11,11,12,14,44,30,10,34,14,24,13,10,21,10,17,39,17,52,10,18,15,39,29,24,28,20,32,42,21,10,23,20,15
14,9,26,36,34,27,10,18,22,14,14,14,17,12,35,32,10,57,23,12,18,10,14,12,9,11,36,13,30,31,15,22,9,40,18,11,27,45,22,12,20,16,17,12,29,21,49,27,18,13,18,14,16,19,41,21,10,17,16,36,19,22,42,29,14,31,17,14,8,78,9,15,10,35,21,12,17,9,11,20,57,11,30,11,64,19,12,36,17,26,25,18,10,12,20,28,37,17,11,18,9,11,46,10,45,11,24,34,33,10,11,16,13,23,24,17,16,10,11,9,15,18,11,24,11,15,98,17,27,11,11,13,21,47,41,12,9,12,44,23,20,23,12,30,9,18,20,16,38,12,23,37,8,20,23,17,16,15,11,12,13,25,31,10,8,21,10,34,20,24,9,10,25,28,31,42,17,18,22,26,18,12,46,42,25,27,13,12,13,10,19,11,22,10,17,14,22,14,39,32,9,21,17,26,26,18,11,22,30,12,61,18,17,10,41,43,29,17,37,15,41,11,16,19,24,10,35,19,12,13,53,19,17,76,17,11,23,22,9,34,32,16,17,8,17,24,15,14,25,47,14,39,22,13,54,16,26,32,36,12,48,14,38,15,9,15,20,11,82,17,22,16,19,43,44,10,14,15,12,19,10,15,21,11,18,44,7,36,37,13,29,10,18,34,13,17,11,24,14,14
20,37,10,33,13,30,13,12,11,26,29,11,26,14,28,25,18,47,14,15,22,35,8,13,26,12,19,14,13,16,28,27,14,21,9,8,13,12,23,73,33,14,24,12,12,13,11,15,29,34,12,11,14,26,13,27,12,15,29,56,11,40,19,28,19,15,17,8,24,13,36,48,27,23,11,14,26,13,18,17,27,14,15,9,38,22,17,25,17,23,33,21,11,15,15,24,13,17,11,18,17,14,23,15,9,10,14,15,23,20,28,38,46,10,14,14,12,11,28,30,28,15,27,13,35,11,10,17,13,9,23,20,24,32,9,33,16,20,23,22,10,23,18,35,14,13,26,26,11,8,15,31,18,15,24,13,16,42,9,15,27,43,11,39,17,16,12,11,12,12,18,41,44,20,27,28,37,24,39,10,40,13,16,12,13,15,9,8,22,25,17,25,18,34,14,9,12,13,9,26,17,15,38,13,19,36,11,38,12,11,14,25,12,12,17,23,28,21,18,23,13,15,12,55,33,10,16,30,22,19,30,16,36,16,45,12,19,52,22,49,12,21,28,10,11,18,29,12,17,14,29,16,27,18,25,14,16,46,22,13,13,11,21,12,28,20,24,19,18,15,16,34,39,47,15,25,16,18,32,26,23,11,26,18,45,12,23,10,11,23,31,28,10,15,10,8,11,29,32,28
29,26,10,24,24,29,19,17,18,15,11,18,16,19,8,14,15,31,15,46,34,23,18,14,29,11,26,23,16,17,37,34,17,11,20,18,10,31,14,21,12,29,10,43,8,17,15,12,48,59,23,21,12,14,18,20,33,41,14,36,8,33,37,23,9,18,10,14,14,14,46,40,47,12,27,14,34,34,18,14,13,14,14,19,53,11,27,11,18,29,63,39,27,47,12,17,26,38,23,11,9,56,17,18,22,29,24,10,16,69,12,12,16,107,44,32,14,499,499,499,499,499,499,499,499,499,499,499,499,499,499,499,499,499,499,499,499,499,499,499,499,499,499,499,499,499,499,499,499,499,499,499,499,499,499,499,499,499,499,499,499,499,499,499,499,499,499,499,499,499,499,499,499,499,499,499,499,499,499,499,499,499,499,499,499,499,499,499,499,499,499,496,499,499,499,499,499,499,499,499,499,499,499,499,499,499,499,499,499,499,499,499,499,499,499,499,499,499,499,499,499,499,499,499,499,499,499,499,488,499,499,499,499,499,499,499,499,499,499,499,499,499,499,499,499,499,499,499,499,499,499,499,499,499,499,499,499,499,499,499,499,499,499,499,499,499,499,499,499,499,499,499,499,499,499,499,499,499,499,499,499,499,499,499,499,499,499,499,499,499,499,499,499,499,499,499,499,499,499,499
26,13,8,18,9,14,32,18,14,26,12,38,19,14,37,15,10,15,67,41,16,16,19,19,14,10,18,13,15,10,28,22,10,25,35,15,18,8,19,14,25,19,10,11,35,13,11,11,13,26,20,10,11,18,34,18,9,16,12,17,51,50,18,17,15,17,16,13,14,23,24,35,18,19,18,12,18,21,21,15,16,16,12,15,25,15,34,16,16,13,11,30,20,26,24,30,21,37,15,18,11,30,16,69,30,25,21,25,41,18,27,20,15,14,17,34,24,29,22,43,19,16,17,70,12,29,20,14,29,25,17,28,8,43,25,14,10,14,10,14,13,32,19,18,10,14,14,26,16,11,20,17,10,47,12,29,12,21,9,17,27,12,26,15,12,15,14,14,19,17,21,65,21,17,15,26,30,18,11,11,17,13,14,41,14,22,11,21,27,16,13,10,24,8,23,11,18,12,20,13,20,14,15,16,16,10,41,12,25,16,42,20,8,29,19,34,20,19,13,10,11,42,12,67,28,53,24,19,21,42,21,32,11,18,36,71,7,22,12,13,28,13,20,17,15,19,19,30,70,21,23,26,11,54,28,15,37,16,16,23,14,16,8,51,33,12,26,12,17,13,16,23,22,23,29,11,9,13,7,17,21,24,34,37,19,27,9,10,9,33,16,14,15,9,16,16,10,17,14,28
14,21,23,63,14,11,39,40,9,35,9,7,19,13,18,30,12,24,13,85,13,31,15,16,10,25,22,20,11,21,11,26,19,25,15,13,20,47,14,15,19,37,16,20,18,17,15,23,15,22,28,9,14,19,19,15,18,29,11,14,13,20,14,12,17,12,21,19,13,9,16,20,26,15,14,17,12,18,10,21,21,28,24,20,11,17,12,11,80,26,24,17,18,14,16,11,20,11,16,14,26,37,41,13,8,29,9,25,14,38,15,37,12,24,13,19,15,39,23,9,10,33,14,24,11,28,30,23,15,15,25,11,10,9,27,10,14,22,8,25,27,13,13,41,11,12,9,26,10,15,12,20,24,61,27,13,42,14,20,12,15,19,23,23,18,37,9,18,22,17,17,24,23,24,26,26,21,28,17,16,37,16,30,21,31,27,32,20,25,11,34,19,23,16,12,13,10,21,15,28,43,14,23,14,31,25,29,20,16,16,14,26,32,33,11,14,12,14,11,14,33,12,14,13,11,15,9,20,27,12,15,46,15,15,16,11,11,35,14,23,8,17,17,44,16,57,22,21,11,16,11,24,27,38,22,20,11,17,16,19,16,35,19,8,16,31,15,13,18,20,22,24,10,15,11,11,13,11,22,29,10,7,13,64,11,14,21,33,23,15,25,28,26,17,19,39,17,8,13,10
68,57,17,24,12,20,14,12,12,19,9,31,14,16,12,9,21,15,19,16,9,14,44,22,24,12,53,11,22,15,13,17,25,45,13,25,9,21,9,14,14,9,15,20,53,11,21,13,23,11,29,15,17,13,28,9,16,10,18,52,10,18,20,29,19,37,35,47,18,18,17,8,8,14,21,31,20,19,21,17,14,31,29,25,14,11,17,16,31,21,13,19,36,23,17,12,12,20,24,12,28,44,21,22,18,15,41,15,42,12,27,28,27,10,30,23,17,21,25,10,12,18,27,15,37,24,16,18,14,12,10,21,21,52,13,18,9,14,46,41,28,29,16,34,21,43,30,12,11,14,15,21,10,10,19,13,20,13,47,18,11,16,19,26,24,16,21,18,78,42,26,9,16,21,10,25,18,12,26,13,33,18,10,13,26,12,34,26,58,13,17,11,10,38,30,8,12,30,25,43,14,15,28,13,32,20,13,17,39,24,48,16,11,12,52,15,19,36,31,46,16,27,14,59,16,8,11,40,22,10,23,28,15,16,23,12,10,22,21,20,13,13,27,12,13,19,31,9,26,15,18,10,41,9,10,21,30,8,16,34,15,26,27,16,29,17,13,17,13,16,29,11,20,20,25,14,68,14,22,16,22,10,22,11,28,18,13,11,18,23,12,7,18,28,13,15,15,11,21,13
15,15,33,10,17,24,18,11,28,16,24,13,63,12,69,37,18,17,22,13,22,11,15,14,15,15,20,20,43,10,23,27,10,25,9,36,12,37,14,16,12,18,37,8,14,23,43,14,17,28,17,27,13,15,26,13,11,21,10,19,20,17,66,33,11,15,28,19,24,10,19,13,13,12,9,24,21,13,18,13,64,17,32,20,14,10,40,10,9,15,35,77,25,64,13,14,26,19,9,58,25,58,19,47,9,35,11,8,16,14,21,26,23,17,31,14,11,14,16,20,14,10,15,16,62,52,12,21,15,13,21,23,9,18,16,39,22,11,41,16,72,19,25,15,26,20,15,20,32,11,18,11,28,27,11,14,11,11,23,10,18,26,9,23,18,11,19,17,11,24,29,32,23,21,10,10,19,28,36,12,20,15,18,11,15,23,21,15,21,11,10,11,16,19,28,9,16,26,18,15,23,21,13,15,27,9,24,12,23,20,18,11,20,17,17,27,39,22,12,11,14,10,14,15,47,15,11,16,23,34,23,14,15,12,33,36,12,10,15,15,17,20,15,40,23,10,16,102,499,499,499,499,499,499,499,499,499,499,499,499,499,499,499,499,499,499,499,499,499,499,499,499,499,499,499,499,499,499,499,499,499,499,499,499,499,499,499,499,499,499,499,499,499,499,499,499,499,499,499,499
14,20,27,13,11,36,45,18,20,27,14,21,21,27,10,16,9,24,78,25,28,18,17,13,11,22,17,13,13,17,25,14,25,42,15,27,20,12,9,19,23,13,13,13,16,15,29,18,16,22,19,20,12,13,37,15,11,12,14,35,15,19,26,16,18,15,15,12,43,13,27,9,17,14,14,8,8,16,27,15,17,18,20,24,23,30,32,10,12,11,26,16,14,20,14,25,22,48,14,13,17,90,45,19,17,49,36,23,10,34,15,28,22,21,38,32,15,11,34,17,17,17,15,22,35,18,7,16,12,9,12,20,9,33,27,11,20,16,20,13,11,52,29,16,29,12,12,25,13,12,9,23,15,12,13,51,21,30,26,9,27,14,18,10,16,15,21,21,17,26,12,26,15,77,37,12,19,18,11,38,21,16,40,8,41,11,11,20,31,19,22,36,48,10,9,31,13,21,40,37,31,30,7,25,15,16,12,17,46,24,18,16,19,22,19,15,18,11,21,14,18,25,11,12,42,15,10,13,27,21,20,26,9,13,17,22,47,43,36,18,10,12,18,15,17,12,14,19,13,17,18,28,35,14,14,12,23,11,16,10,20,9,10,25,15,22,21,9,11,25,24,41,16,67,17,15,12,32,22,10,22,19,21,12,24,21,10,16,11,19,30,13,52,12,21,32,48,24,54,39
24,12,21,28,12,15,11,9,26,12,26,15,13,9,18,34,16,15,34,16,19,16,12,39,33,32,19,16,10,41,25,22,22,25,15,9,14,12,10,44,21,9,15,9,23,15,17,20,17,19,10,30,13,46,10,14,22,14,18,13,10,12,30,17,15,15,23,14,25,10,24,17,25,31,14,42,12,11,17,25,11,26,8,14,16,31,14,18,15,17,61,34,27,23,20,26,15,22,38,20,32,13,23,25,45,13,10,43,18,19,33,25,18,24,19,28,10,22,60,16,17,11,18,17,21,21,15,15,13,18,14,22,19,28,21,18,35,41,17,13,22,12,19,15,20,33,12,7,11,17,19,67,36,16,31,10,19,11,21,18,9,38,13,21,31,14,27,25,21,22,34,34,26,24,15,25,17,43,17,28,15,13,21,8,31,15,20,14,8,12,12,16,53,35,39,10,9,28,11,22,42,41,15,65,23,10,14,23,12,9,42,14,9,17,27,28,24,35,28,33,23,29,14,8,42,19,45,16,17,32,17,8,11,10,12,37,18,13,11,32,15,21,37,22,14,11,24,61,8,16,19,24,20,19,14,45,12,30,17,46,24,30,10,17,28,36,15,32,23,16,29,23,29,21,19,12,14,33,12,13,12,11,12,11,15,12,9,33,22,37,29,10,12,18,16,14,15,23,35,16
18,47,10,20,14,17,21,12,20,17,32,16,19,33,29,15,9,12,12,13,14,16,22,26,13,28,34,46,37,30,33,23,47,26,16,17,8,15,21,13,11,19,12,36,12,22,13,12,17,27,22,26,19,15,19,15,17,18,15,9,25,34,14,11,11,24,15,41,13,18,25,12,66,19,12,21,41,11,24,18,19,30,8,51,14,16,15,15,8,38,57,26,12,35,13,22,10,14,12,21,19,15,20,25,27,19,10,27,11,14,22,31,19,10,13,9,17,17,9,17,14,13,33,12,15,22,22,8,11,21,27,42,18,9,41,44,7,13,9,21,23,27,15,11,25,15,31,27,26,23,11,21,10,13,24,15,25,29,40,20,13,9,9,13,19,30,55,13,26,12,14,9,11,8,31,27,39,59,50,16,15,16,32,13,10,15,11,22,12,11,38,13,10,23,11,36,16,39,19,10,15,12,35,16,13,10,25,22,21,17,34,13,12,30,25,16,15,25,12,41,12,36,13,22,34,20,36,14,10,37,27,38,44,12,17,21,17,32,30,27,14,36,27,15,9,19,32,12,11,20,44,16,10,11,21,9,22,39,18,25,9,10,16,45,19,12,22,30,27,15,17,10,30,23,46,14,21,23,28,16,16,21,19,32,16,11,14,18,13,9,67,22,21,37,9,19,17,14,33,49
20,11,14,44,26,19,18,15,32,15,29,35,22,26,44,26,14,42,9,37,26,14,17,49,24,19,12,12,9,15,33,11,18,12,34,20,38,11,19,12,14,21,25,29,22,25,18,22,23,23,23,10,10,10,17,13,16,43,19,25,13,24,21,25,29,55,81,22,20,39,10,49,19,25,40,11,20,45,52,45,15,42,31,28,27,13,9,13,16,14,10,29,14,11,10,19,10,9,36,23,12,18,14,16,16,9,11,31,14,49,27,77,23,16,26,13,11,13,12,19,11,35,33,24,13,18,25,11,28,28,36,30,28,29,28,13,55,17,17,31,29,28,27,18,18,23,8,10,15,20,21,13,13,18,10,31,10,20,21,43,17,27,27,11,56,20,22,41,27,24,46,38,23,27,71,30,18,17,9,18,15,15,21,53,38,21,12,21,56,18,9,8,21,12,15,12,11,16,11,35,24,13,17,27,24,16,14,46,14,23,26,20,15,24,14,13,22,17,9,24,11,29,27,10,41,20,15,13,15,15,28,15,25,14,12,69,28,32,20,16,14,38,13,24,16,13,9,15,9,14,8,15,12,11,14,13,12,16,33,13,13,26,16,21,15,45,11,12,17,14,11,25,45,70,27,28,16,24,17,10,12,13,12,17,21,22,21,14,16,12,16,24,11,10,9,11,9,20,23,28
9,11,12,27,12,35,19,15,33,13,18,33,19,12,21,16,48,9,18,19,17,33,18,28,15,13,60,16,28,20,13,21,64,34,13,22,12,13,24,25,43,9,36,36,15,16,39,47,20,13,60,12,23,13,17,17,15,13,49,19,22,13,11,51,23,41,25,18,35,19,27,31,26,25,34,14,8,10,9,27,15,10,56,18,16,13,44,10,41,30,12,16,33,23,17,11,40,18,17,10,26,30,14,13,20,50,11,21,10,9,26,29,14,31,19,17,22,12,16,46,15,25,27,15,22,17,33,39,16,13,30,23,17,13,12,43,18,16,15,24,12,31,10,22,13,13,22,12,10,9,41,11,16,16,19,25,13,15,28,14,34,13,29,10,9,10,17,33,34,21,17,38,14,10,11,9,23,18,24,8,10,10,13,18,17,32,27,10,51,14,16,12,11,22,14,23,21,31,17,14,14,16,10,63,15,53,23,55,21,14,17,25,26,8,30,17,16,13,16,12,42,11,16,22,55,38,12,20,33,30,10,33,11,38,35,25,9,13,12,20,13,18,19,20,9,14,13,10,14,9,29,16,28,31,13,105,499,499,499,499,499,499,499,499,499,499,499,499,499,499,499,499,499,499,499,499,499,499,499,499,499,499,499,499,499,499,499,499,499,499,499,499,499,499,499,499,499,499,499,499
15,14,36,8,12,45,15,28,42,16,28,14,12,9,14,39,22,15,23,10,18,17,15,20,13,17,18,39,20,12,12,16,55,13,33,9,14,10,20,20,21,22,15,16,13,15,11,12,12,11,21,15,15,11,40,13,28,29,76,19,40,13,8,10,15,10,14,13,10,19,33,33,12,17,21,20,11,27,16,38,12,20,15,16,21,9,14,18,14,18,24,22,22,38,18,17,48,9,27,11,20,15,26,28,19,11,19,20,10,26,21,22,16,14,18,28,14,24,20,24,34,17,32,14,18,20,10,20,26,10,52,11,14,17,62,15,13,19,14,20,11,23,17,10,22,15,21,15,45,33,12,55,13,20,12,45,14,13,13,15,30,9,32,13,17,11,22,15,12,12,11,18,7,15,47,21,23,25,23,15,33,27,27,53,20,14,22,22,44,28,35,16,28,24,18,24,17,22,14,26,11,18,16,10,51,9,30,18,59,13,14,19,39,11,19,25,19,13,17,13,30,13,17,19,22,28,31,16,34,51,21,16,20,12,66,9,24,15,31,19,24,16,17,19,39,16,15,16,13,21,8,30,13,29,11,12,35,14,18,37,10,67,11,14,24,24,12,26,12,12,11,8,12,8,20,29,51,24,14,12,13,13,15,15,16,28,31,19,10,10,21,16,26,9,21,39,44,16,18,25
21,26,24,9,14,13,9,9,11,11,27,15,20,19,18,19,21,30,12,33,16,32,19,16,11,14,14,13,15,29,51,15,32,35,12,18,24,41,35,15,66,25,29,18,17,25,19,27,55,31,46,30,9,9,26,50,16,29,18,9,15,11,11,29,48,15,11,68,13,47,23,11,19,26,34,50,27,25,13,19,20,9,17,30,15,30,13,35,18,25,11,11,10,17,65,12,13,32,13,24,24,26,21,12,17,34,15,12,26,27,16,16,54,20,22,30,23,16,22,51,18,30,24,21,20,32,46,26,15,10,11,13,12,21,21,46,41,22,18,16,21,10,25,15,19,32,15,12,20,12,17,40,17,10,14,9,18,34,27,17,34,10,34,31,16,13,16,13,89,26,25,11,8,16,14,20,22,12,9,13,31,41,28,40,8,15,15,10,10,12,46,19,19,16,29,24,17,88,14,12,16,8,17,14,18,10,10,13,12,18,17,20,23,7,25,13,18,54,21,9,24,13,24,17,14,14,9,14,14,16,18,15,15,15,9,14,19,13,34,18,32,23,10,17,9,14,54,11,17,18,34,13,29,18,16,16,13,14,19,11,9,20,20,10,10,12,37,22,21,13,21,20,10,12,27,16,15,15,41,18,32,11,67,39,25,20,11,14,28,27,15,29,15,49,20,24,18,12,64,23
71,15,29,37,26,13,17,13,15,11,41,12,15,18,26,14,17,23,17,17,25,12,12,14,25,14,31,42,24,12,19,52,23,12,12,66,19,28,15,14,14,41,32,16,14,15,16,19,26,45,22,13,22,39,19,16,18,30,15,10,41,13,20,52,17,17,17,24,19,23,37,16,12,12,12,16,39,11,11,14,16,9,11,12,22,22,9,27,63,13,20,15,29,13,12,16,17,17,19,18,9,17,17,12,10,23,12,18,20,19,18,54,13,22,17,15,42,44,21,24,15,13,17,40,27,27,11,16,14,19,22,18,16,15,28,18,23,10,11,17,40,22,24,9,18,37,16,11,17,41,15,34,11,39,16,17,11,33,55,13,13,12,13,32,23,30,14,15,28,21,29,15,22,23,24,17,16,33,45,14,10,14,8,10,19,25,16,17,17,33,33,10,21,25,17,27,40,29,17,33,22,11,18,21,18,18,23,34,21,13,39,30,12,14,8,14,14,20,12,9,10,9,18,15,13,22,48,23,22,10,50,18,21,19,19,12,13,25,24,30,37,37,15,70,15,34,10,18,28,9,12,10,34,28,11,21,8,18,13,28,10,27,11,12,62,12,17,14,22,27,12,10,20,21,27,10,14,25,40,16,31,16,27,53,18,25,81,15,39,10,11,8,36,15,50,13,19,16,34,14
30,33,43,16,14,17,24,11,25,32,54,13,13,39,22,19,12,24,11,17,14,16,10,17,11,27,27,16,28,14,55,13,21,21,21,28,28,22,21,13,15,9,21,18,28,12,43,17,27,28,13,14,27,9,20,20,19,26,13,11,20,34,17,12,39,27,17,23,16,14,18,10,11,20,13,13,20,29,49,26,16,8,26,17,10,45,15,14,26,10,15,16,31,42,25,8,45,12,17,15,12,8,36,13,12,17,27,12,23,15,10,17,19,23,30,33,45,32,55,34,25,21,31,15,26,16,13,22,32,17,40,12,8,35,8,52,14,18,10,15,33,20,19,16,10,13,22,21,22,14,19,33,11,24,11,12,13,11,20,43,11,12,22,12,18,37,16,18,24,16,46,51,10,20,39,45,17,10,19,10,34,46,28,12,18,11,22,15,13,23,17,19,26,20,10,10,43,15,35,22,38,40,17,47,11,12,34,21,56,34,19,8,33,21,10,15,15,11,14,29,11,25,21,17,18,15,45,26,12,16,18,16,36,32,8,15,26,10,21,11,9,10,23,10,35,25,27,21,21,24,9,17,24,37,12,18,19,45,27,19,20,54,20,36,10,35,15,19,22,37,9,20,17,17,38,19,30,36,10,45,14,10,10,16,8,14,33,16,8,16,22,25,13,13,13,16,16,10,11,21
25,17,21,18,32,19,15,18,10,20,9,30,21,14,19,57,38,20,20,10,12,11,32,16,27,20,15,33,25,15,14,20,41,15,15,16,16,14,12,26,18,12,28,41,22,21,36,26,35,8,20,21,17,20,14,32,40,15,22,26,20,33,16,19,21,16,18,12,36,14,14,9,10,19,12,43,24,28,15,27,22,39,13,13,28,26,24,18,10,35,18,24,24,35,25,21,25,16,27,23,12,25,12,15,18,22,19,17,11,26,14,23,18,21,18,13,14,14,42,18,16,29,38,8,10,25,52,19,13,28,49,26,37,40,9,17,16,24,32,27,10,13,27,18,11,24,14,14,21,19,11,22,23,18,13,21,100,10,46,499,499,499,499,499,499,499,499,499,499,499,499,499,499,499,499,499,499,499,499,499,499,499,499,499,499,499,499,499,499,499,499,499,499,499,499,499,499,499,499,499,499,499,499,499,499,499,499,499,499,499,499,499,499,499,499,499,499,499,499,499,499,499,499,499,499,499,499,499,499,499,499,499,499,499,499,499,499,499,499,499,499,499,499,499,499,499,499,499,499,499,499,499,499,499,499,499,499,499,499,499,499,499,499,499,499,499,499,499,499,499,499,499,499,499,499,499,499,499,499,499,499,499,499,499,499,499,499,499,499,499,499,499,499,499,499,499,499,499,499,499
21,38,12,21,20,21,30,12,20,19,26,16,20,27,44,20,8,14,20,13,10,18,22,11,30,9,76,14,17,19,16,12,19,11,45,11,11,40,9,17,12,24,10,63,22,15,23,41,12,48,33,11,13,35,16,28,17,8,12,20,22,18,18,9,13,37,14,28,28,9,39,41,11,26,14,14,39,22,10,58,14,15,50,10,23,17,29,26,52,23,17,22,18,40,22,47,10,13,16,16,29,22,23,14,8,11,23,14,10,10,17,11,10,21,33,11,43,15,25,7,21,23,27,12,16,24,19,33,16,23,115,14,499,499,499,499,499,499,499,499,499,499,499,499,499,499,499,499,499,499,499,499,499,499,499,499,499,499,499,499,499,499,499,499,499,499,499,499,499,499,499,499,499,499,499,499,499,499,499,499,499,499,499,499,499,499,499,499,499,499,499,499,499,499,499,499,499,499,499,499,499,499,499,499,499,499,499,499,499,499,499,499,499,499,499,499,499,499,499,499,499,499,499,499,499,499,499,499,499,499,499,499,499,499,499,499,499,499,499,499,499,499,499,499,499,499,499,499,499,499,499,499,499,499,499,499,499,499,499,499,499,499,499,499,499,499,499,499,499,499,499,499,499,499,499,499,499,499,499,499,499,499,499,499,499,499,499,499,499,499,499,499,499,499,499,499,499,499,499,499
24,25,14,20,29,27,15,14,16,28,26,10,12,26,14,14,16,21,29,8,22,37,14,21,16,14,21,10,8,26,29,14,18,42,16,17,11,19,32,11,36,16,13,12,14,25,41,29,33,14,12,9,20,17,11,14,15,23,10,10,14,15,27,31,21,11,26,10,20,38,15,12,30,10,46,20,12,31,26,42,27,11,9,26,23,45,13,13,13,26,19,15,30,12,39,24,19,13,11,14,16,17,19,18,25,13,23,44,9,11,14,33,22,23,27,10,15,13,25,30,36,17,13,18,34,22,17,18,31,21,18,14,11,31,38,25,32,23,9,28,22,18,11,23,12,25,23,22,29,16,7,9,70,20,21,38,21,47,11,28,21,29,19,16,21,9,20,27,71,11,21,10,9,17,15,18,13,21,32,11,19,14,10,24,23,15,44,16,13,20,14,22,18,21,60,16,17,14,17,17,21,14,16,17,36,15,23,23,33,23,60,23,28,27,20,25,27,16,12,12,14,16,21,25,19,16,13,14,16,16,20,27,23,38,11,16,16,21,29,36,37,27,28,22,21,32,13,16,30,12,16,15,36,8,16,43,25,42,20,38,10,36,16,17,11,11,21,12,18,13,12,21,19,14,18,8,32,22,27,18,17,10,14,28,14,30,32,58,10,15,11,20,12,19,19,25,35,17,17,14
8,12,13,18,14,43,20,10,20,14,18,15,20,20,18,38,12,15,16,35,19,21,26,63,11,26,18,16,30,20,21,17,25,18,17,19,13,17,10,10,16,18,26,13,11,18,9,77,25,25,11,12,18,16,15,8,11,12,13,24,38,17,14,13,64,14,11,15,32,18,16,11,15,28,10,10,40,34,11,10,20,14,20,12,18,10,11,18,57,12,13,10,25,16,15,40,16,10,12,41,10,33,18,14,22,32,25,37,15,22,14,11,22,42,11,12,28,11,17,12,18,9,25,14,18,14,14,11,21,18,16,12,12,17,20,15,34,20,26,27,72,11,12,12,12,12,21,27,47,21,25,24,16,20,20,7,13,10,21,20,11,23,13,19,27,9,12,26,41,23,24,15,15,31,12,25,34,18,22,16,35,7,16,23,27,13,34,31,12,29,14,28,30,13,16,15,40,14,22,8,12,44,20,9,21,35,17,11,11,36,32,25,31,34,15,20,18,35,23,14,13,11,23,33,18,14,24,17,17,14,9,10,23,11,11,14,46,42,12,21,27,14,30,8,16,29,15,21,32,14,28,21,23,19,16,16,18,23,23,16,26,22,61,11,15,20,12,41,16,33,16,26,23,28,8,22,15,19,23,16,18,46,20,35,35,24,12,60,10,19,28,47,30,18,16,43,20,16,28,36
16,14,10,10,14,24,22,14,11,18,13,21,10,31,24,32,14,26,26,38,12,17,9,19,11,11,27,10,13,29,15,17,44,13,16,17,17,13,14,12,27,16,39,29,11,9,18,14,29,34,30,22,20,14,19,41,8,22,9,21,14,24,14,19,9,34,41,12,18,20,34,50,11,12,15,16,32,23,15,11,12,13,13,18,23,16,19,15,14,18,23,21,20,24,15,47,18,24,11,96,49,23,30,51,11,23,9,9,27,19,57,14,14,12,10,10,30,29,51,21,13,14,21,42,9,15,26,24,21,25,20,13,34,20,10,15,8,19,14,11,27,30,19,28,24,14,32,54,13,17,11,56,31,18,37,50,12,20,16,25,19,29,35,20,23,18,15,43,15,25,11,9,12,43,12,11,53,14,23,13,23,23,12,21,39,25,24,17,25,11,37,17,22,13,16,14,14,13,10,13,18,42,22,10,14,18,19,51,32,13,24,15,23,17,27,24,25,15,12,13,12,13,24,17,17,63,15,17,15,17,24,26,17,27,15,20,16,29,31,22,34,17,16,25,32,17,23,21,21,19,14,12,48,13,23,38,18,33,20,15,14,18,30,20,24,12,27,13,22,15,15,16,11,14,23,23,26,13,12,19,32,22,35,17,29,13,31,12,15,23,14,17,20,13,16,13,20,16,19,20
27,35,13,13,11,21,22,36,31,13,14,15,15,26,18,30,27,19,32,20,13,70,17,23,33,40,14,44,21,14,28,13,17,31,23,11,13,12,28,25,50,8,11,26,30,14,39,73,24,20,10,13,44,14,8,10,43,20,10,60,24,9,13,16,21,14,42,43,39,15,13,13,25,14,8,25,12,14,21,21,14,14,16,22,31,14,20,32,10,31,14,28,10,33,13,12,10,14,18,21,11,28,24,18,16,21,14,18,25,18,16,53,13,27,19,24,19,45,9,12,19,12,15,23,30,18,27,15,12,10,23,10,16,16,18,55,20,17,15,11,31,26,16,15,18,10,36,14,19,32,23,28,13,22,20,18,17,18,11,14,27,11,21,10,12,24,52,35,17,13,8,20,9,21,32,28,30,17,11,12,16,17,15,22,57,28,10,105,13,167,499,499,499,499,499,499,499,499,499,499,499,499,499,499,499,499,499,499,499,499,499,499,499,499,499,499,499,499,499,499,499,499,499,499,499,499,499,499,499,499,499,499,499,499,499,499,499,499,499,499,499,499,499,499,499,499,499,499,499,499,499,499,499,499,499,499,499,499,499,499,499,499,499,499,499,499,499,499,499,499,499,499,499,499,499,499,499,499,499,499,499,499,499,499,499,499,499,499,499,499,499,499,499,499,499,499,499,499,499,499
17,18,12,19,18,16,13,7,11,19,16,13,13,11,19,10,19,27,11,37,63,25,17,31,29,15,19,11,28,15,16,20,20,19,49,22,17,26,33,16,37,22,35,15,17,9,13,11,14,18,31,29,14,36,11,13,21,51,51,17,26,35,17,21,13,17,91,18,24,21,36,25,31,12,21,11,9,14,9,28,10,21,19,19,31,19,8,28,39,19,13,26,12,10,14,36,10,21,32,10,17,15,18,22,15,50,12,14,35,34,18,9,19,20,25,27,22,13,9,27,21,18,21,28,12,13,37,19,31,25,10,27,19,12,17,10,14,31,11,32,16,17,14,18,33,9,18,32,8,15,21,10,17,22,34,11,17,15,11,20,10,27,12,33,19,13,13,25,27,21,20,15,20,17,23,24,11,41,17,42,29,11,10,12,22,26,53,14,19,19,23,17,13,52,13,12,18,42,36,22,22,24,20,13,38,15,15,10,9,22,25,18,16,14,14,16,11,20,33,13,12,15,20,19,15,27,29,18,24,28,40,26,19,9,37,40,10,15,10,12,33,29,27,32,55,15,10,39,20,20,19,15,13,13,13,7,12,11,13,59,9,18,11,12,12,26,12,18,30,43,43,30,19,26,13,22,14,24,13,16,30,30,41,13,13,24,9,12,15,12,14,28,24,9,9,10,28,12,26,30
9,25,15,14,14,25,75,14,36,11,33,16,38,8,16,15,84,15,8,36,11,14,13,12,25,49,15,17,15,26,21,27,22,18,11,9,14,15,10,13,40,10,46,31,18,9,13,18,22,12,17,12,28,21,37,16,34,20,26,22,15,16,32,17,38,21,22,19,10,15,13,24,25,30,20,22,10,12,30,17,21,23,20,29,17,17,13,32,31,42,25,12,14,14,20,12,16,14,37,11,23,19,19,16,12,24,14,19,15,11,40,9,19,12,66,14,10,56,12,11,24,14,11,15,14,25,21,14,14,11,35,23,9,14,19,14,15,12,32,21,41,21,12,18,26,10,21,10,21,39,12,24,17,24,26,16,15,15,17,13,15,58,12,25,14,15,9,11,22,13,14,20,38,34,9,36,26,16,18,17,34,10,10,9,13,10,13,28,20,8,20,64,14,17,27,32,10,28,19,14,23,19,27,16,14,12,11,18,15,21,14,27,31,42,40,33,29,14,12,20,13,20,21,10,12,12,27,32,21,11,22,13,24,12,35,13,29,30,22,22,19,12,14,20,24,15,14,16,72,28,50,11,17,16,14,23,13,20,9,17,7,34,16,22,11,19,13,13,20,9,39,23,11,23,22,15,15,9,20,10,19,19,35,46,30,14,21,15,30,32,14,27,9,21,8,32,12,14,33,16
23,12,57,39,20,31,14,41,17,20,19,13,12,20,67,59,13,19,12,10,19,26,38,18,18,13,35,12,10,37,59,17,13,17,18,12,31,17,18,25,13,15,17,8,10,15,15,18,27,15,20,21,16,14,17,39,10,13,14,7,83,21,45,32,13,13,30,17,9,26,31,20,18,32,19,24,21,14,18,10,15,25,16,12,9,10,28,33,35,20,25,25,24,41,14,38,11,56,18,16,13,24,10,19,10,11,18,13,29,30,24,14,16,22,44,25,13,26,11,11,22,13,32,29,18,14,10,13,24,12,13,57,22,11,24,16,12,11,24,10,10,38,13,8,13,12,12,16,68,17,15,9,15,24,15,21,15,20,55,16,11,18,31,23,9,24,27,15,24,19,16,11,38,10,21,33,18,21,15,10,16,11,31,39,11,29,18,31,16,38,10,9,13,10,29,40,28,11,22,13,30,14,11,47,12,11,11,29,34,25,15,22,29,12,10,10,34,37,18,15,14,32,7,81,12,18,16,21,27,18,40,28,14,14,22,25,26,32,8,31,24,16,17,20,24,42,24,14,28,40,8,21,56,52,9,14,12,13,23,19,16,39,23,16,14,17,34,8,26,9,10,38,16,13,55,16,17,34,12,21,13,16,14,11,25,13,16,21,8,16,9,15,24,16,31,27,18,14,9,12
29,33,33,21,12,19,16,30,26,14,42,15,10,15,15,23,45,13,20,17,12,12,25,50,32,10,15,12,27,12,28,16,28,58,48,11,19,16,12,23,11,14,30,40,39,11,8,28,16,22,12,9,16,29,14,23,10,47,13,28,18,22,16,24,28,44,15,14,9,28,12,15,36,21,14,12,9,20,45,11,35,14,22,16,28,31,11,26,11,28,14,14,38,18,17,16,12,19,23,25,21,30,45,20,10,20,49,39,15,8,10,29,16,25,17,13,12,10,15,21,7,24,13,11,9,45,41,32,16,24,14,22,16,22,18,20,35,14,28,32,34,23,25,14,11,16,13,27,23,16,9,32,14,10,45,17,22,24,12,76,12,18,16,14,49,9,15,19,21,18,17,13,18,20,14,12,9,10,30,14,17,16,21,33,26,36,18,11,26,14,20,42,9,24,16,22,14,46,44,29,14,11,14,15,15,14,30,11,28,14,12,10,29,12,8,11,13,27,10,17,14,18,13,12,23,16,16,65,11,9,16,33,34,16,11,14,11,13,28,18,15,30,71,21,21,18,17,18,35,31,14,22,9,13,16,35,15,16,51,17,19,19,21,39,19,22,48,7,39,14,13,31,33,31,13,20,38,11,15,23,13,22,31,17,47,12,11,31,12,46,29,12,13,22,25,12,16,11,14,16
24,18,12,9,14,15,24,24,10,61,14,20,16,25,12,12,60,24,12,36,15,33,13,18,22,16,12,22,14,21,27,27,18,10,15,15,20,12,25,23,14,8,16,13,49,41,28,23,16,13,11,12,29,19,14,10,20,13,40,8,22,14,10,12,13,12,12,29,20,18,49,19,30,56,12,32,23,22,76,15,11,11,19,54,17,30,8,10,28,18,9,33,26,15,14,11,15,31,40,30,17,12,11,46,21,14,18,15,31,33,16,27,27,17,9,10,9,61,34,20,12,51,15,31,15,31,30,15,14,26,69,52,21,12,15,38,14,15,21,23,17,20,14,23,20,14,18,19,22,10,25,13,18,30,43,23,16,32,23,11,14,31,13,13,20,30,31,18,15,28,34,15,32,9,28,18,24,15,24,14,17,42,12,14,11,19,14,13,23,15,15,35,11,19,21,23,35,29,14,10,17,9,11,15,20,35,28,19,30,19,13,37,32,48,38,24,15,10,15,16,39,9,15,18,18,22,24,13,11,20,10,18,27,13,9,11,46,8,18,12,44,20,19,14,29,13,18,34,12,11,9,13,47,15,11,14,11,19,13,32,12,15,34,15,14,12,11,21,24,57,11,17,15,13,12,27,13,24,20,16,21,9,30,14,18,9,17,29,20,35,83,19,10,15,41,15,10,42,23,17
16,41,20,15,18,18,36,21,13,27,21,40,14,21,16,48,15,22,13,23,39,11,12,29,32,15,26,38,7,13,12,15,14,28,16,12,13,16,16,11,97,31,25,21,9,19,11,36,25,9,35,17,46,18,31,10,20,28,23,10,59,15,24,12,30,11,9,12,29,14,13,11,16,34,16,74,12,12,15,39,12,19,8,50,7,9,29,15,30,9,35,21,44,24,28,47,31,22,15,22,30,27,12,19,21,19,12,64,11,20,10,27,15,10,48,15,20,16,15,14,10,11,10,10,42,30,8,31,37,36,13,15,20,25,13,11,13,19,12,36,18,17,18,14,69,31,15,36,11,13,26,29,28,10,10,21,37,36,40,21,16,16,28,13,42,9,22,18,62,13,11,14,15,20,8,19,37,13,18,15,12,24,14,14,14,12,13,18,15,17,19,70,24,13,14,19,22,31,21,11,13,20,12,19,18,16,11,15,25,11,11,52,19,16,16,13,12,15,29,11,28,13,20,15,12,31,43,29,18,10,17,32,49,22,18,20,16,8,8,17,18,22,15,13,11,18,13,20,11,17,21,21,8,19,12,15,17,23,12,29,30,10,23,23,19,14,18,32,35,10,15,13,11,20,17,15,16,24,16,44,12,51,22,15,17,8,12,22,43,11,21,30,25,14,17,36,13,12,15,14
11,34,15,14,7,43,11,25,41,8,28,32,10,16,18,21,25,24,11,52,15,13,59,16,14,31,20,26,39,31,14,8,34,15,21,22,17,29,22,22,14,11,15,20,13,11,13,12,49,30,54,15,19,13,10,14,17,28,36,24,24,12,30,11,11,17,33,18,16,17,12,23,11,38,29,11,34,8,25,28,56,38,25,11,16,14,18,37,22,13,9,21,17,13,8,25,45,12,13,16,20,15,19,64,24,19,10,8,9,20,41,19,22,19,21,48,20,16,35,16,33,35,27,16,16,47,11,22,18,16,24,27,25,32,27,24,12,14,14,11,12,30,12,19,20,14,25,9,35,18,14,10,12,28,33,34,28,30,30,10,26,11,32,12,18,42,10,10,15,17,20,23,24,53,21,37,27,14,27,16,14,10,24,10,14,65,25,13,13,13,19,31,13,50,21,58,46,23,25,17,25,16,35,24,13,57,16,30,34,12,20,14,40,20,15,13,30,19,24,11,16,24,8,19,16,25,13,31,32,13,24,26,8,24,16,11,30,19,11,20,24,46,11,26,12,11,28,11,13,17,57,14,25,21,13,29,35,19,15,31,20,20,15,14,17,13,20,12,13,9,26,26,12,12,19,19,16,17,16,11,15,19,14,22,36,10,42,36,9,30,23,25,14,29,13,16,33,21,40,14
45,10,17,15,13,15,20,25,19,23,17,10,17,88,27,15,64,9,28,30,15,23,12,10,10,11,12,12,19,8,21,10,17,12,22,10,10,21,10,13,11,22,23,27,15,17,24,13,14,9,14,36,13,16,34,35,55,24,20,16,20,39,13,27,15,45,15,23,34,10,18,20,10,21,13,22,19,18,17,16,18,19,12,16,12,31,17,28,16,15,25,23,28,11,14,25,15,9,11,13,12,44,19,9,23,54,12,70,32,12,78,14,20,57,18,12,18,27,9,10,15,37,9,8,13,16,11,18,15,11,51,47,41,104,243,250,284,273,235,239,296,274,229,233,233,219,251,222,268,227,240,272,253,255,254,262,246,264,208,216,261,238,276,211,254,258,242,262,242,246,274,251,274,237,255,219,218,256,231,244,242,225,226,255,208,249,243,302,249,252,228,249,258,295,269,236,257,244,227,268,262,274,257,234,248,255,256,212,265,246,223,260,253,215,256,267,217,223,241,272,249,225,245,252,239,233,226,263,223,269,276,262,225,267,239,260,232,222,261,261,260,270,256,246,240,234,240,228,236,273,255,241,236,243,188,245,240,244,211,264,255,273,215,248,232,230,233,216,255,252,205,249,280,257,226,231,239,287,219,261,234,260,253,241,248,208,242,265,255,243,260,256,253,263,272,237,244,233,245,283
17,11,12,25,65,9,12,24,24,14,31,38,35,31,35,28,39,19,13,18,30,22,12,27,20,17,10,24,16,21,27,15,8,12,27,85,9,18,8,18,10,43,14,16,20,24,16,8,14,20,13,12,25,21,34,16,17,11,31,15,43,26,12,19,11,19,45,28,17,22,20,17,16,12,14,24,15,16,13,27,12,17,9,11,21,38,21,17,23,22,46,14,45,30,23,32,17,18,20,14,31,50,18,46,15,15,27,9,16,12,21,9,15,17,20,48,25,13,16,31,22,55,14,22,19,17,25,18,10,18,15,12,30,8,20,26,11,21,25,10,21,29,14,14,25,30,26,40,21,12,13,39,22,13,68,13,32,12,15,27,17,10,30,20,10,43,42,31,14,11,35,9,12,20,12,21,24,20,25,17,13,17,51,39,29,25,12,58,10,16,23,12,12,12,11,60,11,14,21,12,13,16,27,34,21,29,17,9,25,13,26,16,9,20,57,14,22,28,20,16,49,28,51,23,27,21,9,10,15,17,14,32,27,24,20,17,31,24,17,29,21,53,31,13,13,22,10,25,21,37,12,18,23,30,28,33,28,11,20,18,30,13,26,20,17,11,11,26,15,15,30,18,29,22,42,65,23,17,21,55,15,12,29,20,14,12,18,29,25,17,14,16,15,15,10,17,40,35,19,20
60,12,9,18,21,19,16,25,49,10,23,14,31,25,54,12,22,42,15,13,11,38,13,33,27,16,13,22,24,30,10,9,28,14,13,27,20,12,15,14,26,9,8,36,12,13,23,11,16,41,12,24,16,29,24,30,11,13,16,11,9,35,9,23,22,14,17,16,25,18,10,26,28,16,12,11,13,15,23,30,10,11,63,22,8,12,17,21,22,32,23,31,24,32,39,22,20,28,29,16,22,12,10,29,14,14,20,15,11,12,67,58,15,25,20,10,51,11,55,26,22,25,27,42,13,30,18,41,10,38,22,22,15,15,14,29,15,18,10,32,14,14,28,25,22,11,15,9,23,27,19,26,9,11,40,16,10,10,22,25,15,46,18,9,17,9,35,30,10,44,13,9,10,23,32,9,15,12,13,25,8,10,45,19,9,22,15,19,14,31,20,31,18,22,33,10,29,8,17,9,13,17,31,35,26,19,32,16,28,28,12,12,12,11,28,14,9,29,55,24,18,15,36,10,11,48,59,15,31,38,19,29,94,26,18,18,36,24,37,15,16,10,23,10,34,15,35,29,33,15,30,14,19,10,12,28,15,9,35,11,17,18,16,13,19,16,23,12,54,27,62,24,41,16,14,31,37,37,15,14,41,36,20,30,15,30,23,29,16,34,45,37,12,17,8,12,19,25,15,13
22,11,14,40,36,42,14,21,42,17,13,15,24,9,14,13,18,17,27,19,15,19,8,8,20,17,10,41,15,12,14,49,22,19,29,17,18,25,14,18,39,15,18,59,39,13,45,11,47,13,43,11,36,30,22,9,17,19,12,15,31,8,20,8,13,13,14,16,13,36,36,15,9,10,14,13,49,17,21,23,10,13,21,29,26,29,8,15,32,8,11,20,12,26,40,54,10,16,17,15,13,30,17,26,30,20,17,10,13,9,13,46,27,17,11,13,37,14,20,30,35,22,24,11,11,23,17,40,13,11,13,10,12,13,43,29,16,26,18,32,31,24,32,11,13,11,12,17,56,20,24,15,11,34,20,14,22,10,49,16,44,47,12,13,18,23,9,14,13,11,35,55,16,13,35,12,12,20,27,21,16,19,10,9,9,25,42,15,17,11,23,24,21,19,17,28,25,24,20,16,19,15,33,19,22,10,11,23,12,47,34,62,23,12,65,12,21,16,31,8,57,11,26,16,21,34,11,10,15,15,9,14,13,9,19,22,19,55,13,19,17,15,14,11,13,9,16,41,13,51,26,23,54,10,10,13,14,29,18,23,38,35,42,15,19,22,20,24,29,21,7,12,30,20,17,25,23,31,16,15,11,13,13,24,15,11,12,8,13,28,12,32,12,14,24,12,12,14,49,15
29,8,33,14,13,42,52,25,19,15,18,36,47,11,10,16,19,23,8,20,18,34,36,14,20,9,18,18,14,16,28,14,13,20,21,21,40,19,43,12,25,19,14,32,44,30,14,12,21,15,31,18,9,20,18,28,18,12,14,22,15,24,31,30,21,59,17,10,12,19,11,10,17,20,30,13,37,18,12,32,13,22,12,32,21,34,26,13,13,12,12,25,13,14,13,16,12,14,21,12,49,16,9,9,18,11,37,17,11,55,54,11,12,34,11,14,8,33,47,14,11,12,25,10,10,14,27,16,12,62,14,11,35,47,16,22,11,8,20,19,15,30,8,20,31,15,38,23,14,35,26,43,11,25,33,10,17,27,17,15,12,31,12,9,41,11,20,16,21,32,22,14,19,13,18,11,21,13,14,23,43,30,24,12,10,27,37,15,17,10,8,14,22,9,14,12,41,14,17,29,11,36,20,51,10,16,21,28,26,35,31,10,31,32,25,18,16,13,18,15,27,13,11,11,8,33,21,11,17,16,14,22,11,13,22,70,10,20,27,32,16,14,24,10,24,8,29,28,21,37,25,33,25,17,20,19,17,12,25,13,25,16,11,20,31,38,38,25,29,17,20,10,12,11,24,12,10,33,10,47,15,18,25,12,15,31,13,44,21,13,10,26,33,16,15,11,13,13,12,23
11,13,20,26,19,13,22,19,20,13,20,46,18,18,13,11,8,14,11,15,50,9,11,68,33,22,19,17,13,22,38,55,54,22,19,16,8,12,10,23,15,23,18,17,41,14,15,17,21,16,22,17,17,13,12,14,23,11,11,38,19,16,14,12,22,17,32,11,9,45,20,11,50,37,16,22,21,8,33,10,13,15,14,27,41,19,11,23,27,26,36,22,18,11,15,10,25,20,12,25,26,23,13,13,11,13,10,10,18,52,11,10,17,26,9,10,11,15,10,8,15,30,18,16,13,13,55,11,29,37,10,48,12,27,22,21,33,25,37,19,15,33,24,18,15,14,15,13,39,34,12,47,21,15,19,32,23,8,16,15,24,18,12,20,13,44,29,15,16,11,32,27,40,98,21,36,38,26,38,15,24,11,16,27,22,22,14,28,22,36,13,19,12,17,32,30,19,34,12,30,13,16,11,14,15,10,11,18,10,11,22,40,16,15,25,22,15,21,14,14,24,24,50,17,31,18,27,41,17,15,17,22,20,13,54,32,20,25,48,28,8,58,11,28,14,11,16,11,17,15,19,13,48,11,19,10,18,16,13,16,21,9,10,49,13,17,17,25,28,19,10,12,9,17,20,10,23,18,12,23,30,10,8,15,12,24,28,42,21,13,11,13,19,12,26,62,66,10,19,22
9,18,11,52,14,18,69,15,7,15,15,10,37,26,12,15,29,20,42,13,15,13,31,15,19,38,23,14,26,20,14,14,23,11,30,24,14,21,15,10,19,9,22,11,17,10,34,36,19,10,24,29,32,26,32,16,8,26,25,16,11,17,20,23,13,10,44,22,14,29,18,17,11,13,19,17,14,32,29,14,30,10,12,21,18,15,12,16,35,9,15,18,28,14,20,51,34,21,20,11,31,14,29,43,14,28,32,34,16,59,12,37,20,13,22,14,25,13,15,18,16,37,10,8,10,22,11,25,48,17,18,21,11,13,24,27,13,13,35,16,49,18,32,19,11,16,8,14,9,11,21,19,25,21,19,9,13,16,19,8,17,32,14,11,50,12,50,17,22,25,19,23,28,12,12,26,63,13,22,21,12,10,12,21,11,37,44,19,11,25,36,10,29,39,16,23,19,18,46,15,35,11,15,17,22,14,28,12,13,49,13,14,23,34,12,13,24,34,11,18,14,14,34,15,45,26,18,28,24,29,14,43,53,11,13,13,41,21,15,45,10,29,33,9,12,15,15,14,21,18,31,24,9,27,16,35,10,21,8,16,21,19,17,11,23,40,14,10,65,14,28,11,14,19,30,23,12,22,18,18,14,56,16,24,13,46,11,9,16,34,9,30,15,22,31,16,17,46,10,26
28,19,11,40,19,38,11,30,21,33,35,28,22,24,10,11,13,16,31,21,19,21,27,13,10,20,25,16,22,15,21,33,18,38,22,29,15,37,10,13,13,28,29,19,22,49,26,27,18,14,18,20,11,25,21,20,17,20,13,21,18,18,35,16,32,21,17,13,33,39,70,20,9,13,13,26,14,18,20,28,22,13,62,26,11,12,31,25,32,21,39,16,14,11,17,23,12,14,22,13,12,32,16,27,12,22,30,22,32,24,27,16,25,22,34,18,10,13,45,15,37,47,27,11,10,14,38,10,31,48,22,21,21,26,45,9,23,8,16,16,26,15,27,30,12,14,15,12,10,33,18,14,17,14,29,15,14,24,13,8,26,10,13,15,25,16,13,25,8,15,10,31,29,12,19,16,14,17,36,16,23,40,26,8,32,40,22,19,18,13,25,32,15,17,60,13,18,14,9,14,12,25,13,20,17,21,15,20,11,24,16,9,17,35,14,11,15,12,55,10,16,21,14,10,19,32,9,12,18,16,9,20,46,14,29,12,11,23,17,29,14,20,22,31,36,44,21,15,22,41,10,13,17,9,15,31,9,13,36,12,25,23,23,16,26,43,32,22,15,29,17,11,22,27,11,14,9,12,17,63,46,11,28,18,14,11,22,19,27,21,35,12,9,30,30,32,56,16,22,12
15,10,17,12,44,16,29,16,52,17,36,28,11,15,18,19,28,9,36,10,14,31,19,13,13,11,64,11,11,20,14,16,17,39,36,15,14,27,13,40,19,19,46,28,48,11,17,14,11,11,16,16,14,22,12,10,43,13,63,15,35,15,78,18,16,14,11,50,35,15,28,53,35,24,16,8,14,48,41,9,12,9,10,13,21,18,20,30,18,7,28,17,11,12,18,32,9,40,14,9,20,36,13,20,18,13,33,44,42,13,18,16,17,17,18,11,28,16,10,19,61,13,9,20,24,14,21,16,38,19,15,22,31,13,50,18,17,20,25,25,16,38,45,11,15,18,12,29,12,10,15,23,17,23,28,12,11,11,11,39,18,29,48,20,18,20,11,9,12,12,15,12,31,9,26,55,12,24,16,21,19,9,12,16,36,10,20,24,33,16,11,11,15,10,20,30,13,14,22,12,59,24,11,13,12,13,39,24,29,35,69,16,29,27,13,9,19,18,13,9,29,15,27,12,30,31,31,21,18,33,12,13,14,13,20,30,21,26,13,19,10,15,12,31,50,11,20,67,22,11,59,17,22,14,15,16,20,24,12,12,25,12,26,11,33,15,7,12,21,14,26,15,17,14,17,9,21,15,43,11,18,21,23,20,33,27,13,31,12,21,12,28,40,11,36,18,29,19,49,10
10,18,19,15,8,13,24,39,35,14,17,12,13,29,39,8,31,34,15,17,23,9,14,7,13,19,32,12,17,15,11,18,21,31,10,17,11,15,23,20,13,12,25,17,12,24,77,25,16,16,23,20,25,12,16,23,33,12,45,36,13,58,10,14,11,34,8,11,22,46,14,15,13,23,35,17,19,38,24,22,10,15,12,8,64,49,11,27,13,17,15,24,20,10,18,12,14,14,32,20,18,8,21,20,10,23,21,10,9,9,23,25,17,17,16,90,56,16,12,27,19,59,11,47,33,20,13,14,18,29,16,11,24,12,21,19,39,54,9,16,12,18,30,19,22,31,19,21,21,21,29,43,26,16,30,43,27,27,25,38,19,12,26,69,28,16,15,17,14,17,10,27,11,12,15,19,27,10,13,11,36,24,14,16,9,16,16,23,41,24,20,19,26,9,20,12,10,19,14,12,14,19,51,13,10,35,41,20,10,36,12,35,13,16,9,22,10,11,10,13,20,13,17,30,16,18,21,17,26,19,22,22,25,10,10,30,17,15,39,18,33,10,20,32,13,25,12,30,14,13,12,12,26,39,17,21,11,16,36,22,17,19,13,26,16,26,13,11,12,31,24,13,13,19,15,12,37,14,20,42,26,17,14,16,17,13,21,25,17,9,21,11,18,10,12,13,11,24,22,17
14,12,14,43,12,13,14,46,11,17,19,21,14,10,27,31,14,26,16,29,10,14,9,14,12,25,14,35,32,18,28,17,14,15,11,54,18,13,15,48,14,62,15,12,24,35,40,21,10,22,19,26,14,24,11,11,25,16,15,18,8,26,9,69,36,27,50,37,20,36,18,10,17,11,11,20,10,14,8,10,30,41,18,14,17,17,29,23,12,30,15,13,46,29,32,15,11,9,11,22,51,19,22,18,12,27,11,13,23,21,11,16,26,9,17,10,14,70,25,12,26,12,26,36,18,14,37,13,11,22,19,13,22,28,11,30,19,17,33,10,12,23,9,35,42,19,11,9,33,15,10,15,18,10,24,25,9,23,58,16,18,33,11,18,18,13,18,19,17,11,17,8,16,15,15,23,17,43,18,15,33,13,31,19,32,19,18,14,29,30,11,19,14,15,12,22,42,9,22,16,29,17,20,9,27,65,13,24,13,16,12,27,37,27,13,26,30,41,27,20,24,22,38,8,25,17,18,12,13,22,10,11,19,16,14,28,23,22,39,34,21,9,11,35,11,11,15,21,39,27,12,24,13,54,10,27,14,26,34,16,11,18,22,55,61,10,14,9,25,22,13,17,10,17,12,23,12,19,9,12,26,54,14,10,31,23,21,24,36,16,25,19,17,22,8,25,14,15,9,21
9,49,22,33,21,21,31,23,15,15,12,14,12,19,27,11,14,16,35,12,25,25,20,13,10,23,20,17,35,25,11,20,37,16,36,16,8,13,10,20,8,9,13,17,16,30,15,9,17,39,20,12,19,17,53,19,10,34,9,46,13,20,20,20,37,40,18,23,11,18,37,50,26,11,30,31,16,11,26,13,10,21,16,15,17,18,11,9,9,46,28,31,29,33,10,56,28,9,15,17,17,14,15,11,13,26,12,19,26,34,22,11,40,13,10,12,19,12,15,43,29,41,24,20,15,11,10,20,56,17,28,14,12,52,28,14,9,9,20,18,53,18,19,53,9,10,16,45,11,11,16,14,22,10,18,15,12,16,12,14,66,17,20,15,16,32,21,22,12,12,19,42,15,18,19,41,24,17,18,21,12,26,13,18,13,31,19,26,17,61,26,27,42,32,23,10,17,20,54,22,10,18,12,10,23,12,28,15,13,42,23,29,10,16,18,37,15,16,22,26,22,13,13,14,23,19,16,9,22,42,17,22,26,17,12,23,9,23,13,16,51,21,45,9,13,21,59,25,19,43,28,11,14,38,7,9,15,33,12,11,24,43,18,35,25,47,18,46,9,17,13,12,21,13,29,20,28,13,11,13,13,17,19,17,36,14,21,43,23,24,19,11,24,12,21,19,9,13,31,21
11,54,17,30,9,14,10,38,40,14,21,21,14,18,19,13,17,28,10,28,18,36,16,14,16,14,13,16,16,21,24,28,68,24,16,10,27,13,10,13,22,16,8,9,33,12,16,23,13,30,22,22,12,9,15,21,17,11,14,11,26,18,18,27,32,13,11,25,10,15,17,40,47,12,17,30,12,35,15,39,22,19,14,18,15,38,11,10,12,20,25,28,17,12,28,19,8,21,22,28,9,12,11,24,38,38,26,24,16,14,16,12,15,11,8,15,21,13,23,12,23,27,31,13,36,31,43,8,24,18,46,11,52,24,31,9,23,18,15,12,27,31,21,17,28,33,28,16,12,31,18,17,21,25,52,31,14,34,22,16,15,19,65,22,18,8,77,12,12,18,16,15,21,11,20,13,8,8,10,12,26,15,11,20,16,9,12,37,13,15,15,30,15,26,11,12,56,43,16,59,19,41,55,13,49,10,21,13,52,13,18,15,20,8,12,10,9,9,35,18,15,19,12,81,38,14,21,13,15,36,55,19,12,14,14,15,20,20,17,15,19,69,14,42,63,13,26,25,45,23,18,28,18,21,27,29,14,16,15,30,11,11,29,63,18,14,13,40,40,9,28,17,11,26,18,16,35,12,23,7,10,10,15,33,35,13,77,10,13,14,13,19,34,69,25,12,12,13,11,12
25,17,32,15,25,13,29,19,9,11,30,22,13,29,17,11,13,22,16,18,10,40,15,30,15,10,29,17,20,25,25,13,13,20,17,14,16,10,28,22,24,30,19,41,27,30,13,34,22,12,14,34,16,11,11,51,9,11,23,16,21,19,36,17,18,10,33,12,13,23,25,25,14,18,18,14,16,17,12,18,17,24,25,28,14,15,26,11,17,26,29,16,24,11,18,32,12,44,12,37,13,12,18,11,16,16,36,21,11,28,24,41,15,19,12,42,25,20,17,12,23,34,38,39,14,13,18,45,33,13,17,17,14,32,20,32,14,22,35,10,14,16,17,29,15,12,29,21,26,11,15,15,10,24,33,20,16,24,31,11,12,33,11,9,14,10,16,14,22,22,40,12,17,26,11,22,13,55,13,19,11,23,17,10,15,13,10,22,16,14,60,40,14,16,12,17,16,10,12,22,39,19,11,12,30,21,16,12,45,17,29,18,33,22,11,16,12,8,72,18,18,14,17,16,32,43,15,18,10,12,31,21,11,10,31,36,11,48,12,38,18,18,21,14,19,24,42,11,38,11,46,51,18,10,15,49,18,25,12,21,9,12,43,32,9,25,16,11,20,13,11,9,23,14,26,12,13,12,24,11,26,19,12,9,21,14,12,17,14,36,18,11,13,14,20,28,13,16,10,18
15,20,10,16,26,11,48,32,12,23,9,26,27,10,23,23,11,17,9,18,9,22,8,11,33,25,13,11,22,19,13,14,19,23,8,36,14,20,12,39,42,22,11,23,8,17,12,17,42,15,31,23,31,28,24,25,29,36,12,11,25,10,16,27,29,14,15,16,12,15,51,38,13,9,28,14,16,19,10,22,31,22,14,20,9,11,23,24,14,9,24,28,11,22,12,26,24,18,16,12,26,17,14,9,13,16,15,38,20,35,11,26,17,35,15,32,18,12,8,19,9,30,29,13,27,13,27,11,16,35,11,16,14,11,37,8,16,26,12,11,9,13,22,58,11,31,14,48,65,20,19,23,12,11,30,12,31,33,28,16,25,16,14,22,24,23,14,29,16,22,44,11,29,32,31,17,22,77,17,62,11,16,35,16,28,17,12,27,12,15,11,64,19,10,19,8,18,9,17,12,17,47,35,18,9,32,11,15,11,19,31,12,23,30,11,13,67,26,9,12,49,18,29,29,13,12,17,25,20,30,18,17,34,18,22,57,20,16,14,49,16,15,40,39,13,19,20,23,32,19,22,13,15,11,14,24,30,16,55,17,16,16,16,9,14,22,18,20,28,14,11,16,25,24,24,51,26,24,47,65,44,19,9,17,9,8,27,30,51,10,20,8,15,17,13,20,28,18,14,14
12,10,33,21,18,21,16,9,48,14,10,16,23,14,22,34,31,23,23,14,26,16,17,32,19,13,10,22,23,11,50,28,35,20,55,21,16,12,14,21,25,10,17,18,14,13,9,42,15,12,36,11,28,9,11,37,11,15,49,27,14,26,8,17,18,14,11,8,21,26,32,16,10,18,15,11,17,11,13,51,16,17,26,13,53,36,16,10,30,13,15,20,14,16,15,34,49,8,10,37,18,18,48,13,16,23,17,14,54,22,19,37,24,31,10,52,8,16,10,46,15,24,21,8,15,19,26,10,59,26,11,17,15,11,23,17,12,37,15,12,8,27,10,23,21,30,14,10,21,13,37,19,14,35,10,28,11,9,37,24,27,100,23,108,100,499,499,499,499,499,499,499,499,499,499,499,499,499,499,499,499,499,499,499,499,499,499,499,499,499,499,499,499,499,499,499,499,499,499,499,499,499,499,499,499,499,499,499,499,499,499,499,499,499,499,499,499,499,499,499,499,499,499,499,499,499,499,499,499,499,499,499,499,499,499,499,499,499,499,499,499,499,499,499,499,499,499,499,499,499,499,499,499,499,499,499,499,499,499,499,499,499,499,499,499,499,499,499,499,499,499,499,499,499,499,499,499,499,499,499,499,499,499,499,499,499,499,499,499,499,499,499,499,499,499,499,499,499,499,499
20,14,26,15,16,15,11,14,15,30,31,24,19,20,46,10,13,10,17,19,23,22,27,66,35,10,32,23,18,9,44,19,14,21,10,20,18,18,14,22,18,34,17,18,14,54,10,17,20,13,57,27,11,26,19,27,22,55,17,21,23,13,13,53,17,34,15,43,22,9,11,22,15,8,37,22,24,52,63,8,27,25,40,18,17,12,15,9,16,23,14,54,14,20,20,16,17,15,47,35,11,15,25,21,15,20,10,12,11,27,13,26,43,13,35,12,24,20,20,17,17,23,27,18,19,12,11,25,45,25,11,12,19,13,18,26,11,21,35,21,17,19,20,19,36,12,35,17,21,24,17,17,15,39,42,14,23,12,16,44,14,16,14,24,9,30,16,16,13,13,12,43,26,20,14,35,13,15,14,47,9,25,14,21,11,24,14,18,26,14,13,9,17,15,26,36,30,13,36,19,12,21,26,16,9,16,19,15,13,40,11,12,19,16,15,17,25,20,8,18,21,37,16,15,20,18,13,27,25,18,20,38,12,10,35,39,27,35,12,18,14,16,28,48,25,20,10,46,25,35,17,11,12,14,40,18,33,18,24,12,23,36,46,11,18,31,25,10,24,8,41,24,29,14,14,22,18,12,29,10,39,18,24,11,41,10,13,15,20,38,9,31,17,21,26,18,13,10,20,19
14,16,18,22,27,12,27,24,15,38,12,30,11,20,16,21,31,27,24,13,20,14,23,21,42,13,24,9,22,20,12,12,17,22,24,21,44,33,26,12,26,23,28,12,13,8,19,12,19,32,16,24,12,22,11,12,43,25,12,12,14,14,47,13,12,22,11,11,23,17,14,21,11,15,25,10,15,20,9,26,15,12,18,9,22,14,8,29,21,14,13,19,17,30,15,18,17,27,8,29,21,21,35,11,12,14,27,17,16,19,23,11,35,16,10,24,28,41,11,16,34,30,20,28,11,11,15,25,25,18,13,27,14,14,13,29,22,8,20,14,11,22,20,16,12,21,19,12,28,16,19,15,13,16,12,33,27,15,19,21,16,13,8,16,10,21,19,15,28,20,32,14,29,22,16,30,10,15,17,14,26,34,19,9,10,15,9,12,32,14,9,45,24,55,30,13,20,8,20,10,24,11,25,31,62,15,36,18,12,20,20,26,22,25,12,18,43,17,13,15,33,15,18,22,16,41,21,19,23,32,66,20,14,15,20,9,14,14,24,10,12,31,28,58,16,26,29,19,24,48,13,24,11,9,9,27,27,34,10,16,15,40,17,19,16,13,14,20,18,11,16,16,52,19,28,22,40,17,12,13,20,24,25,15,25,12,38,25,14,14,9,24,24,26,19,17,33,13,11,35
